transaction_id,user_id,merchant_id,category,amount_sar,timestamp,time_period,city,is_essential,source_label
syn_txn_000001,user_delta,panda,grocery,166.15,2023-01-14T09:00:00,afternoon,Jeddah,True,MOCK / SYNTHETIC DEMO DATA — SAUDI MARKET
syn_txn_000002,user_falcon,shawarmer,restaurant,19.18,2023-01-20T21:00:00,evening,Riyadh,False,MOCK / SYNTHETIC DEMO DATA — SAUDI MARKET
syn_txn_000003,rashid,half_million,coffee,30.97,2023-01-23T11:00:00,morning,Riyadh,False,MOCK / SYNTHETIC DEMO DATA — SAUDI MARKET
syn_txn_000004,user_najd,jarir,retail,382.39,2023-01-27T14:00:00,afternoon,Riyadh,False,MOCK / SYNTHETIC DEMO DATA — SAUDI MARKET
syn_txn_000005,rashid,albaik,restaurant,30.66,2023-02-03T14:00:00,evening,Jeddah,False,MOCK / SYNTHETIC DEMO DATA — SAUDI MARKET
syn_txn_000006,user_delta,camel_step,coffee,31.5,2023-02-03T20:00:00,morning,Riyadh,False,MOCK / SYNTHETIC DEMO DATA — SAUDI MARKET
syn_txn_000007,user_falcon,dose,coffee,24.5,2023-02-06T19:00:00,morning,Khobar,False,MOCK / SYNTHETIC DEMO DATA — SAUDI MARKET
syn_txn_000008,rashid,panda,grocery,144.7,2023-02-07T18:00:00,afternoon,Jeddah,True,MOCK / SYNTHETIC DEMO DATA — SAUDI MARKET
syn_txn_000009,user_delta,panda,grocery,136.94,2023-02-16T10:00:00,afternoon,Jeddah,True,MOCK / SYNTHETIC DEMO DATA — SAUDI MARKET
syn_txn_000010,user_delta,noon_saudi,retail,152.83,2023-02-23T21:00:00,afternoon,Riyadh,False,MOCK / SYNTHETIC DEMO DATA — SAUDI MARKET
syn_txn_000012,user_najd,flynas,travel,594.01,2023-02-25T14:00:00,evening,Riyadh,False,MOCK / SYNTHETIC DEMO DATA — SAUDI MARKET
syn_txn_000011,rashid,barns,coffee,22.8,2023-02-25T16:00:00,morning,Jeddah,False,MOCK / SYNTHETIC DEMO DATA — SAUDI MARKET
syn_txn_000013,user_redsea,barns,coffee,15.01,2023-03-10T19:00:00,morning,Jeddah,False,MOCK / SYNTHETIC DEMO DATA — SAUDI MARKET
syn_txn_000014,user_delta,herfy,restaurant,36.12,2023-03-11T19:00:00,evening,Riyadh,False,MOCK / SYNTHETIC DEMO DATA — SAUDI MARKET
syn_txn_000015,user_falcon,extra,retail,457.5,2023-03-13T09:00:00,afternoon,Khobar,False,MOCK / SYNTHETIC DEMO DATA — SAUDI MARKET
syn_txn_000016,user_redsea,albaik,restaurant,31.66,2023-03-17T17:00:00,evening,Jeddah,False,MOCK / SYNTHETIC DEMO DATA — SAUDI MARKET
syn_txn_000017,rashid,half_million,coffee,21.87,2023-03-21T11:00:00,morning,Riyadh,False,MOCK / SYNTHETIC DEMO DATA — SAUDI MARKET
syn_txn_000018,user_delta,panda,grocery,108.04,2023-03-23T18:00:00,afternoon,Jeddah,True,MOCK / SYNTHETIC DEMO DATA — SAUDI MARKET
syn_txn_000019,user_najd,jarir,retail,421.17,2023-03-27T08:00:00,afternoon,Riyadh,False,MOCK / SYNTHETIC DEMO DATA — SAUDI MARKET
syn_txn_000020,user_falcon,al_dawaa,pharmacy,88.05,2023-04-01T08:00:00,evening,Dammam,True,MOCK / SYNTHETIC DEMO DATA — SAUDI MARKET
syn_txn_000021,user_delta,herfy,restaurant,37.0,2023-04-07T08:00:00,evening,Riyadh,False,MOCK / SYNTHETIC DEMO DATA — SAUDI MARKET
syn_txn_000022,user_najd,maestro,restaurant,69.54,2023-04-08T14:00:00,evening,Riyadh,False,MOCK / SYNTHETIC DEMO DATA — SAUDI MARKET
syn_txn_000023,rashid,half_million,coffee,23.42,2023-04-09T11:00:00,morning,Riyadh,False,MOCK / SYNTHETIC DEMO DATA — SAUDI MARKET
syn_txn_000024,user_najd,maestro,restaurant,54.28,2023-04-14T09:00:00,evening,Riyadh,False,MOCK / SYNTHETIC DEMO DATA — SAUDI MARKET
syn_txn_000025,user_redsea,albaik,restaurant,28.52,2023-04-20T21:00:00,evening,Jeddah,False,MOCK / SYNTHETIC DEMO DATA — SAUDI MARKET
syn_txn_000026,rashid,half_million,coffee,23.63,2023-04-28T16:00:00,morning,Riyadh,False,MOCK / SYNTHETIC DEMO DATA — SAUDI MARKET
syn_txn_000027,user_falcon,shawarmer,restaurant,34.82,2023-05-05T09:00:00,evening,Riyadh,False,MOCK / SYNTHETIC DEMO DATA — SAUDI MARKET
syn_txn_000028,rashid,panda,grocery,142.3,2023-05-06T14:00:00,afternoon,Jeddah,True,MOCK / SYNTHETIC DEMO DATA — SAUDI MARKET
syn_txn_000029,rashid,barns,coffee,16.88,2023-05-08T14:00:00,morning,Jeddah,False,MOCK / SYNTHETIC DEMO DATA — SAUDI MARKET
syn_txn_000030,user_redsea,panda,grocery,139.28,2023-05-09T12:00:00,afternoon,Jeddah,True,MOCK / SYNTHETIC DEMO DATA — SAUDI MARKET
syn_txn_000031,rashid,barns,coffee,28.96,2023-05-12T08:00:00,morning,Jeddah,False,MOCK / SYNTHETIC DEMO DATA — SAUDI MARKET
syn_txn_000032,user_delta,noon_saudi,retail,162.7,2023-05-13T11:00:00,afternoon,Riyadh,False,MOCK / SYNTHETIC DEMO DATA — SAUDI MARKET
syn_txn_000033,rashid,barns,coffee,21.1,2023-05-14T17:00:00,morning,Jeddah,False,MOCK / SYNTHETIC DEMO DATA — SAUDI MARKET
syn_txn_000034,user_delta,panda,grocery,106.23,2023-05-15T10:00:00,afternoon,Jeddah,True,MOCK / SYNTHETIC DEMO DATA — SAUDI MARKET
syn_txn_000035,user_delta,herfy,restaurant,44.25,2023-05-19T12:00:00,evening,Riyadh,False,MOCK / SYNTHETIC DEMO DATA — SAUDI MARKET
syn_txn_000036,rashid,barns,coffee,15.93,2023-06-01T15:00:00,morning,Jeddah,False,MOCK / SYNTHETIC DEMO DATA — SAUDI MARKET
syn_txn_000037,rashid,half_million,coffee,22.8,2023-06-02T15:00:00,morning,Riyadh,False,MOCK / SYNTHETIC DEMO DATA — SAUDI MARKET
syn_txn_000038,user_redsea,barns,coffee,22.56,2023-06-02T16:00:00,morning,Jeddah,False,MOCK / SYNTHETIC DEMO DATA — SAUDI MARKET
syn_txn_000039,user_redsea,panda,grocery,150.81,2023-06-06T17:00:00,afternoon,Jeddah,True,MOCK / SYNTHETIC DEMO DATA — SAUDI MARKET
syn_txn_000040,rashid,barns,coffee,25.37,2023-06-16T08:00:00,morning,Jeddah,False,MOCK / SYNTHETIC DEMO DATA — SAUDI MARKET
syn_txn_000041,user_falcon,shawarmer,restaurant,39.34,2023-06-16T10:00:00,evening,Riyadh,False,MOCK / SYNTHETIC DEMO DATA — SAUDI MARKET
syn_txn_000042,user_redsea,panda,grocery,147.23,2023-06-17T19:00:00,afternoon,Jeddah,True,MOCK / SYNTHETIC DEMO DATA — SAUDI MARKET
syn_txn_000043,user_delta,camel_step,coffee,23.25,2023-06-18T08:00:00,morning,Riyadh,False,MOCK / SYNTHETIC DEMO DATA — SAUDI MARKET
syn_txn_000044,user_najd,jarir,retail,330.15,2023-06-18T15:00:00,afternoon,Riyadh,False,MOCK / SYNTHETIC DEMO DATA — SAUDI MARKET
syn_txn_000045,user_falcon,dose,coffee,25.58,2023-06-21T10:00:00,morning,Khobar,False,MOCK / SYNTHETIC DEMO DATA — SAUDI MARKET
syn_txn_000046,rashid,panda,grocery,175.65,2023-06-25T20:00:00,afternoon,Jeddah,True,MOCK / SYNTHETIC DEMO DATA — SAUDI MARKET
syn_txn_000047,user_delta,herfy,restaurant,23.9,2023-06-28T19:00:00,evening,Riyadh,False,MOCK / SYNTHETIC DEMO DATA — SAUDI MARKET
syn_txn_000048,user_redsea,albaik,restaurant,28.95,2023-06-29T11:00:00,evening,Jeddah,False,MOCK / SYNTHETIC DEMO DATA — SAUDI MARKET
syn_txn_000049,rashid,albaik,restaurant,32.59,2023-06-30T12:00:00,evening,Jeddah,False,MOCK / SYNTHETIC DEMO DATA — SAUDI MARKET
syn_txn_000050,user_najd,maestro,restaurant,57.78,2023-07-01T19:00:00,evening,Riyadh,False,MOCK / SYNTHETIC DEMO DATA — SAUDI MARKET
syn_txn_000051,rashid,albaik,restaurant,22.75,2023-07-04T18:00:00,evening,Jeddah,False,MOCK / SYNTHETIC DEMO DATA — SAUDI MARKET
syn_txn_000052,user_delta,panda,grocery,138.46,2023-07-06T18:00:00,afternoon,Jeddah,True,MOCK / SYNTHETIC DEMO DATA — SAUDI MARKET
syn_txn_000053,rashid,barns,coffee,33.07,2023-07-08T16:00:00,morning,Jeddah,False,MOCK / SYNTHETIC DEMO DATA — SAUDI MARKET
syn_txn_000054,user_delta,camel_step,coffee,39.13,2023-07-10T13:00:00,morning,Riyadh,False,MOCK / SYNTHETIC DEMO DATA — SAUDI MARKET
syn_txn_000056,user_delta,panda,grocery,135.74,2023-07-14T10:00:00,afternoon,Jeddah,True,MOCK / SYNTHETIC DEMO DATA — SAUDI MARKET
syn_txn_000055,user_delta,camel_step,coffee,31.54,2023-07-14T11:00:00,morning,Riyadh,False,MOCK / SYNTHETIC DEMO DATA — SAUDI MARKET
syn_txn_000057,user_najd,half_million,coffee,16.03,2023-07-14T12:00:00,morning,Riyadh,False,MOCK / SYNTHETIC DEMO DATA — SAUDI MARKET
syn_txn_000058,rashid,barns,coffee,14.07,2023-07-20T17:00:00,morning,Jeddah,False,MOCK / SYNTHETIC DEMO DATA — SAUDI MARKET
syn_txn_000059,rashid,panda,grocery,127.93,2023-07-20T18:00:00,afternoon,Jeddah,True,MOCK / SYNTHETIC DEMO DATA — SAUDI MARKET
syn_txn_000060,user_redsea,albaik,restaurant,31.53,2023-07-24T18:00:00,evening,Jeddah,False,MOCK / SYNTHETIC DEMO DATA — SAUDI MARKET
syn_txn_000061,user_falcon,shawarmer,restaurant,36.91,2023-07-31T10:00:00,evening,Riyadh,False,MOCK / SYNTHETIC DEMO DATA — SAUDI MARKET
syn_txn_000062,rashid,half_million,coffee,17.95,2023-08-04T16:00:00,morning,Riyadh,False,MOCK / SYNTHETIC DEMO DATA — SAUDI MARKET
syn_txn_000063,user_delta,noon_saudi,retail,239.87,2023-08-13T13:00:00,afternoon,Riyadh,False,MOCK / SYNTHETIC DEMO DATA — SAUDI MARKET
syn_txn_000064,user_redsea,panda,grocery,126.29,2023-08-15T19:00:00,afternoon,Jeddah,True,MOCK / SYNTHETIC DEMO DATA — SAUDI MARKET
syn_txn_000065,user_najd,maestro,restaurant,38.11,2023-08-16T13:00:00,evening,Riyadh,False,MOCK / SYNTHETIC DEMO DATA — SAUDI MARKET
syn_txn_000066,rashid,half_million,coffee,25.59,2023-08-29T15:00:00,morning,Riyadh,False,MOCK / SYNTHETIC DEMO DATA — SAUDI MARKET
syn_txn_000067,user_najd,half_million,coffee,24.56,2023-09-01T20:00:00,morning,Riyadh,False,MOCK / SYNTHETIC DEMO DATA — SAUDI MARKET
syn_txn_000068,user_redsea,saudia,travel,849.67,2023-09-07T20:00:00,evening,Jeddah,False,MOCK / SYNTHETIC DEMO DATA — SAUDI MARKET
syn_txn_000069,user_falcon,dose,coffee,32.17,2023-09-08T12:00:00,morning,Khobar,False,MOCK / SYNTHETIC DEMO DATA — SAUDI MARKET
syn_txn_000070,rashid,barns,coffee,19.77,2023-09-13T10:00:00,morning,Jeddah,False,MOCK / SYNTHETIC DEMO DATA — SAUDI MARKET
syn_txn_000071,user_falcon,dose,coffee,32.23,2023-09-15T14:00:00,morning,Khobar,False,MOCK / SYNTHETIC DEMO DATA — SAUDI MARKET
syn_txn_000073,user_redsea,barns,coffee,31.36,2023-09-17T14:00:00,morning,Jeddah,False,MOCK / SYNTHETIC DEMO DATA — SAUDI MARKET
syn_txn_000072,user_falcon,shawarmer,restaurant,32.63,2023-09-17T15:00:00,evening,Riyadh,False,MOCK / SYNTHETIC DEMO DATA — SAUDI MARKET
syn_txn_000074,rashid,barns,coffee,22.11,2023-09-21T09:00:00,morning,Jeddah,False,MOCK / SYNTHETIC DEMO DATA — SAUDI MARKET
syn_txn_000075,user_falcon,al_dawaa,pharmacy,59.87,2023-09-26T16:00:00,evening,Dammam,True,MOCK / SYNTHETIC DEMO DATA — SAUDI MARKET
syn_txn_000076,user_najd,jarir,retail,340.17,2023-09-26T16:00:00,afternoon,Riyadh,False,MOCK / SYNTHETIC DEMO DATA — SAUDI MARKET
syn_txn_000077,user_najd,maestro,restaurant,51.35,2023-09-28T12:00:00,evening,Riyadh,False,MOCK / SYNTHETIC DEMO DATA — SAUDI MARKET
syn_txn_000078,user_redsea,albaik,restaurant,28.52,2023-09-29T08:00:00,evening,Jeddah,False,MOCK / SYNTHETIC DEMO DATA — SAUDI MARKET
syn_txn_000079,rashid,barns,coffee,11.08,2023-09-30T08:00:00,morning,Jeddah,False,MOCK / SYNTHETIC DEMO DATA — SAUDI MARKET
syn_txn_000080,user_falcon,al_dawaa,pharmacy,79.41,2023-10-01T15:00:00,evening,Dammam,True,MOCK / SYNTHETIC DEMO DATA — SAUDI MARKET
syn_txn_000081,rashid,panda,grocery,87.33,2023-10-07T14:00:00,afternoon,Jeddah,True,MOCK / SYNTHETIC DEMO DATA — SAUDI MARKET
syn_txn_000082,user_redsea,albaik,restaurant,33.3,2023-10-10T19:00:00,evening,Jeddah,False,MOCK / SYNTHETIC DEMO DATA — SAUDI MARKET
syn_txn_000083,rashid,half_million,coffee,23.11,2023-10-11T12:00:00,morning,Riyadh,False,MOCK / SYNTHETIC DEMO DATA — SAUDI MARKET
syn_txn_000084,user_delta,herfy,restaurant,51.47,2023-10-13T08:00:00,evening,Riyadh,False,MOCK / SYNTHETIC DEMO DATA — SAUDI MARKET
syn_txn_000085,user_redsea,albaik,restaurant,33.22,2023-10-19T15:00:00,evening,Jeddah,False,MOCK / SYNTHETIC DEMO DATA — SAUDI MARKET
syn_txn_000086,user_falcon,dose,coffee,26.15,2023-10-20T12:00:00,morning,Khobar,False,MOCK / SYNTHETIC DEMO DATA — SAUDI MARKET
syn_txn_000087,user_najd,jarir,retail,349.19,2023-10-23T21:00:00,afternoon,Riyadh,False,MOCK / SYNTHETIC DEMO DATA — SAUDI MARKET
syn_txn_000088,rashid,half_million,coffee,20.8,2023-10-25T19:00:00,morning,Riyadh,False,MOCK / SYNTHETIC DEMO DATA — SAUDI MARKET
syn_txn_000089,rashid,half_million,coffee,17.34,2023-10-27T14:00:00,morning,Riyadh,False,MOCK / SYNTHETIC DEMO DATA — SAUDI MARKET
syn_txn_000090,user_najd,maestro,restaurant,74.67,2023-10-30T20:00:00,evening,Riyadh,False,MOCK / SYNTHETIC DEMO DATA — SAUDI MARKET
syn_txn_000091,user_falcon,shawarmer,restaurant,31.03,2023-10-31T19:00:00,evening,Riyadh,False,MOCK / SYNTHETIC DEMO DATA — SAUDI MARKET
syn_txn_000092,user_redsea,panda,grocery,124.79,2023-11-05T09:00:00,afternoon,Jeddah,True,MOCK / SYNTHETIC DEMO DATA — SAUDI MARKET
syn_txn_000093,rashid,half_million,coffee,20.9,2023-11-11T08:00:00,morning,Riyadh,False,MOCK / SYNTHETIC DEMO DATA — SAUDI MARKET
syn_txn_000094,user_falcon,dose,coffee,13.3,2023-11-14T15:00:00,morning,Khobar,False,MOCK / SYNTHETIC DEMO DATA — SAUDI MARKET
syn_txn_000095,rashid,jarir,retail,293.81,2023-11-18T16:00:00,afternoon,Riyadh,False,MOCK / SYNTHETIC DEMO DATA — SAUDI MARKET
syn_txn_000096,user_falcon,dose,coffee,21.28,2023-11-18T17:00:00,morning,Khobar,False,MOCK / SYNTHETIC DEMO DATA — SAUDI MARKET
syn_txn_000097,rashid,half_million,coffee,30.31,2023-11-21T08:00:00,morning,Riyadh,False,MOCK / SYNTHETIC DEMO DATA — SAUDI MARKET
syn_txn_000098,user_redsea,barns,coffee,18.97,2023-12-03T13:00:00,morning,Jeddah,False,MOCK / SYNTHETIC DEMO DATA — SAUDI MARKET
syn_txn_000099,rashid,barns,coffee,20.07,2023-12-08T15:00:00,morning,Jeddah,False,MOCK / SYNTHETIC DEMO DATA — SAUDI MARKET
syn_txn_000100,rashid,barns,coffee,23.5,2023-12-28T19:00:00,morning,Jeddah,False,MOCK / SYNTHETIC DEMO DATA — SAUDI MARKET
syn_txn_000101,user_delta,panda,grocery,100.91,2023-12-28T21:00:00,afternoon,Jeddah,True,MOCK / SYNTHETIC DEMO DATA — SAUDI MARKET
syn_txn_000102,user_falcon,extra,retail,655.02,2023-12-30T08:00:00,afternoon,Khobar,False,MOCK / SYNTHETIC DEMO DATA — SAUDI MARKET
syn_txn_000103,user_falcon,extra,retail,569.23,2024-01-01T13:00:00,afternoon,Khobar,False,MOCK / SYNTHETIC DEMO DATA — SAUDI MARKET
syn_txn_000104,user_najd,maestro,restaurant,55.09,2024-01-13T14:00:00,evening,Riyadh,False,MOCK / SYNTHETIC DEMO DATA — SAUDI MARKET
syn_txn_000105,user_redsea,albaik,restaurant,27.33,2024-01-15T09:00:00,evening,Jeddah,False,MOCK / SYNTHETIC DEMO DATA — SAUDI MARKET
syn_txn_000106,user_falcon,shawarmer,restaurant,27.36,2024-01-17T10:00:00,evening,Riyadh,False,MOCK / SYNTHETIC DEMO DATA — SAUDI MARKET
syn_txn_000107,user_falcon,shawarmer,restaurant,19.18,2024-01-19T12:00:00,evening,Riyadh,False,MOCK / SYNTHETIC DEMO DATA — SAUDI MARKET
syn_txn_000108,rashid,half_million,coffee,23.62,2024-01-20T10:00:00,morning,Riyadh,False,MOCK / SYNTHETIC DEMO DATA — SAUDI MARKET
syn_txn_000109,user_falcon,dose,coffee,34.93,2024-01-20T13:00:00,morning,Khobar,False,MOCK / SYNTHETIC DEMO DATA — SAUDI MARKET
syn_txn_000110,user_falcon,extra,retail,581.12,2024-01-30T16:00:00,afternoon,Khobar,False,MOCK / SYNTHETIC DEMO DATA — SAUDI MARKET
syn_txn_000111,user_falcon,dose,coffee,28.33,2024-01-31T09:00:00,morning,Khobar,False,MOCK / SYNTHETIC DEMO DATA — SAUDI MARKET
syn_txn_000112,user_redsea,barns,coffee,24.4,2024-02-02T17:00:00,morning,Jeddah,False,MOCK / SYNTHETIC DEMO DATA — SAUDI MARKET
syn_txn_000113,user_delta,camel_step,coffee,26.21,2024-02-05T21:00:00,morning,Riyadh,False,MOCK / SYNTHETIC DEMO DATA — SAUDI MARKET
syn_txn_000114,rashid,panda,grocery,156.6,2024-02-13T17:00:00,afternoon,Jeddah,True,MOCK / SYNTHETIC DEMO DATA — SAUDI MARKET
syn_txn_000115,rashid,panda,grocery,155.78,2024-02-14T09:00:00,afternoon,Jeddah,True,MOCK / SYNTHETIC DEMO DATA — SAUDI MARKET
syn_txn_000116,rashid,al_dawaa,pharmacy,92.29,2024-02-16T17:00:00,evening,Dammam,True,MOCK / SYNTHETIC DEMO DATA — SAUDI MARKET
syn_txn_000117,rashid,al_dawaa,pharmacy,93.55,2024-02-18T17:00:00,evening,Dammam,True,MOCK / SYNTHETIC DEMO DATA — SAUDI MARKET
syn_txn_000118,rashid,panda,grocery,120.92,2024-02-19T08:00:00,afternoon,Jeddah,True,MOCK / SYNTHETIC DEMO DATA — SAUDI MARKET
syn_txn_000120,user_delta,herfy,restaurant,43.93,2024-02-23T15:00:00,evening,Riyadh,False,MOCK / SYNTHETIC DEMO DATA — SAUDI MARKET
syn_txn_000119,user_delta,camel_step,coffee,27.34,2024-02-23T16:00:00,morning,Riyadh,False,MOCK / SYNTHETIC DEMO DATA — SAUDI MARKET
syn_txn_000121,user_delta,herfy,restaurant,35.48,2024-02-27T19:00:00,evening,Riyadh,False,MOCK / SYNTHETIC DEMO DATA — SAUDI MARKET
syn_txn_000122,user_redsea,albaik,restaurant,36.21,2024-03-03T10:00:00,evening,Jeddah,False,MOCK / SYNTHETIC DEMO DATA — SAUDI MARKET
syn_txn_000123,user_delta,herfy,restaurant,45.96,2024-03-09T15:00:00,evening,Riyadh,False,MOCK / SYNTHETIC DEMO DATA — SAUDI MARKET
syn_txn_000124,user_najd,jarir,retail,287.85,2024-03-09T20:00:00,afternoon,Riyadh,False,MOCK / SYNTHETIC DEMO DATA — SAUDI MARKET
syn_txn_000125,rashid,jarir,retail,260.23,2024-03-11T13:00:00,afternoon,Riyadh,False,MOCK / SYNTHETIC DEMO DATA — SAUDI MARKET
syn_txn_000126,user_delta,noon_saudi,retail,163.87,2024-03-12T15:00:00,afternoon,Riyadh,False,MOCK / SYNTHETIC DEMO DATA — SAUDI MARKET
syn_txn_000127,user_redsea,barns,coffee,21.99,2024-03-14T16:00:00,morning,Jeddah,False,MOCK / SYNTHETIC DEMO DATA — SAUDI MARKET
syn_txn_000128,rashid,albaik,restaurant,29.24,2024-03-15T11:00:00,evening,Jeddah,False,MOCK / SYNTHETIC DEMO DATA — SAUDI MARKET
syn_txn_000129,user_redsea,albaik,restaurant,30.48,2024-03-17T14:00:00,evening,Jeddah,False,MOCK / SYNTHETIC DEMO DATA — SAUDI MARKET
syn_txn_000130,user_redsea,saudia,travel,1048.77,2024-03-19T18:00:00,evening,Jeddah,False,MOCK / SYNTHETIC DEMO DATA — SAUDI MARKET
syn_txn_000131,user_delta,herfy,restaurant,48.4,2024-03-22T11:00:00,evening,Riyadh,False,MOCK / SYNTHETIC DEMO DATA — SAUDI MARKET
syn_txn_000132,user_falcon,dose,coffee,28.14,2024-03-22T15:00:00,morning,Khobar,False,MOCK / SYNTHETIC DEMO DATA — SAUDI MARKET
syn_txn_000133,rashid,half_million,coffee,18.39,2024-03-29T13:00:00,morning,Riyadh,False,MOCK / SYNTHETIC DEMO DATA — SAUDI MARKET
syn_txn_000134,user_falcon,dose,coffee,30.44,2024-03-29T15:00:00,morning,Khobar,False,MOCK / SYNTHETIC DEMO DATA — SAUDI MARKET
syn_txn_000135,user_delta,noon_saudi,retail,213.55,2024-03-30T15:00:00,afternoon,Riyadh,False,MOCK / SYNTHETIC DEMO DATA — SAUDI MARKET
syn_txn_000136,user_delta,herfy,restaurant,45.27,2024-04-03T15:00:00,evening,Riyadh,False,MOCK / SYNTHETIC DEMO DATA — SAUDI MARKET
syn_txn_000137,rashid,half_million,coffee,16.68,2024-04-04T21:00:00,morning,Riyadh,False,MOCK / SYNTHETIC DEMO DATA — SAUDI MARKET
syn_txn_000138,user_najd,jarir,retail,310.36,2024-04-14T21:00:00,afternoon,Riyadh,False,MOCK / SYNTHETIC DEMO DATA — SAUDI MARKET
syn_txn_000140,user_delta,camel_step,coffee,30.57,2024-04-16T10:00:00,morning,Riyadh,False,MOCK / SYNTHETIC DEMO DATA — SAUDI MARKET
syn_txn_000139,rashid,barns,coffee,21.45,2024-04-16T18:00:00,morning,Jeddah,False,MOCK / SYNTHETIC DEMO DATA — SAUDI MARKET
syn_txn_000141,rashid,half_million,coffee,24.94,2024-04-22T10:00:00,morning,Riyadh,False,MOCK / SYNTHETIC DEMO DATA — SAUDI MARKET
syn_txn_000142,rashid,half_million,coffee,26.76,2024-04-26T09:00:00,morning,Riyadh,False,MOCK / SYNTHETIC DEMO DATA — SAUDI MARKET
syn_txn_000143,user_redsea,albaik,restaurant,34.18,2024-04-26T10:00:00,evening,Jeddah,False,MOCK / SYNTHETIC DEMO DATA — SAUDI MARKET
syn_txn_000144,user_redsea,panda,grocery,120.02,2024-04-28T10:00:00,afternoon,Jeddah,True,MOCK / SYNTHETIC DEMO DATA — SAUDI MARKET
syn_txn_000145,rashid,albaik,restaurant,30.67,2024-04-29T13:00:00,evening,Jeddah,False,MOCK / SYNTHETIC DEMO DATA — SAUDI MARKET
syn_txn_000146,rashid,half_million,coffee,21.91,2024-05-03T18:00:00,morning,Riyadh,False,MOCK / SYNTHETIC DEMO DATA — SAUDI MARKET
syn_txn_000147,user_delta,panda,grocery,104.93,2024-05-04T14:00:00,afternoon,Jeddah,True,MOCK / SYNTHETIC DEMO DATA — SAUDI MARKET
syn_txn_000148,user_delta,panda,grocery,149.77,2024-05-08T10:00:00,afternoon,Jeddah,True,MOCK / SYNTHETIC DEMO DATA — SAUDI MARKET
syn_txn_000149,user_delta,camel_step,coffee,29.04,2024-05-13T18:00:00,morning,Riyadh,False,MOCK / SYNTHETIC DEMO DATA — SAUDI MARKET
syn_txn_000150,user_falcon,extra,retail,403.72,2024-05-14T15:00:00,afternoon,Khobar,False,MOCK / SYNTHETIC DEMO DATA — SAUDI MARKET
syn_txn_000151,rashid,barns,coffee,14.97,2024-05-17T17:00:00,morning,Jeddah,False,MOCK / SYNTHETIC DEMO DATA — SAUDI MARKET
syn_txn_000152,user_redsea,panda,grocery,154.48,2024-05-21T11:00:00,afternoon,Jeddah,True,MOCK / SYNTHETIC DEMO DATA — SAUDI MARKET
syn_txn_000153,user_falcon,shawarmer,restaurant,43.28,2024-05-24T20:00:00,evening,Riyadh,False,MOCK / SYNTHETIC DEMO DATA — SAUDI MARKET
syn_txn_000154,rashid,half_million,coffee,24.56,2024-06-11T13:00:00,morning,Riyadh,False,MOCK / SYNTHETIC DEMO DATA — SAUDI MARKET
syn_txn_000155,user_delta,noon_saudi,retail,191.42,2024-06-15T16:00:00,afternoon,Riyadh,False,MOCK / SYNTHETIC DEMO DATA — SAUDI MARKET
syn_txn_000156,user_delta,panda,grocery,142.83,2024-06-16T08:00:00,afternoon,Jeddah,True,MOCK / SYNTHETIC DEMO DATA — SAUDI MARKET
syn_txn_000157,user_falcon,shawarmer,restaurant,29.56,2024-06-18T21:00:00,evening,Riyadh,False,MOCK / SYNTHETIC DEMO DATA — SAUDI MARKET
syn_txn_000158,user_delta,camel_step,coffee,20.38,2024-06-19T12:00:00,morning,Riyadh,False,MOCK / SYNTHETIC DEMO DATA — SAUDI MARKET
syn_txn_000159,user_redsea,barns,coffee,23.49,2024-06-21T14:00:00,morning,Jeddah,False,MOCK / SYNTHETIC DEMO DATA — SAUDI MARKET
syn_txn_000160,user_falcon,extra,retail,652.86,2024-06-22T17:00:00,afternoon,Khobar,False,MOCK / SYNTHETIC DEMO DATA — SAUDI MARKET
syn_txn_000161,user_najd,jarir,retail,329.96,2024-06-29T20:00:00,afternoon,Riyadh,False,MOCK / SYNTHETIC DEMO DATA — SAUDI MARKET
syn_txn_000162,user_delta,herfy,restaurant,33.47,2024-07-05T13:00:00,evening,Riyadh,False,MOCK / SYNTHETIC DEMO DATA — SAUDI MARKET
syn_txn_000163,user_falcon,dose,coffee,32.86,2024-07-05T15:00:00,morning,Khobar,False,MOCK / SYNTHETIC DEMO DATA — SAUDI MARKET
syn_txn_000164,user_redsea,panda,grocery,134.9,2024-07-07T12:00:00,afternoon,Jeddah,True,MOCK / SYNTHETIC DEMO DATA — SAUDI MARKET
syn_txn_000165,user_delta,panda,grocery,167.28,2024-07-11T19:00:00,afternoon,Jeddah,True,MOCK / SYNTHETIC DEMO DATA — SAUDI MARKET
syn_txn_000166,user_falcon,shawarmer,restaurant,43.65,2024-07-11T20:00:00,evening,Riyadh,False,MOCK / SYNTHETIC DEMO DATA — SAUDI MARKET
syn_txn_000167,user_redsea,panda,grocery,146.71,2024-07-13T10:00:00,afternoon,Jeddah,True,MOCK / SYNTHETIC DEMO DATA — SAUDI MARKET
syn_txn_000168,user_redsea,panda,grocery,166.54,2024-07-16T20:00:00,afternoon,Jeddah,True,MOCK / SYNTHETIC DEMO DATA — SAUDI MARKET
syn_txn_000169,user_najd,jarir,retail,380.04,2024-07-18T09:00:00,afternoon,Riyadh,False,MOCK / SYNTHETIC DEMO DATA — SAUDI MARKET
syn_txn_000170,user_delta,herfy,restaurant,37.7,2024-07-23T19:00:00,evening,Riyadh,False,MOCK / SYNTHETIC DEMO DATA — SAUDI MARKET
syn_txn_000171,user_delta,camel_step,coffee,25.08,2024-07-30T19:00:00,morning,Riyadh,False,MOCK / SYNTHETIC DEMO DATA — SAUDI MARKET
syn_txn_000172,user_falcon,dose,coffee,28.03,2024-08-01T16:00:00,morning,Khobar,False,MOCK / SYNTHETIC DEMO DATA — SAUDI MARKET
syn_txn_000173,user_najd,maestro,restaurant,58.66,2024-08-11T12:00:00,evening,Riyadh,False,MOCK / SYNTHETIC DEMO DATA — SAUDI MARKET
syn_txn_000174,rashid,half_million,coffee,18.18,2024-08-16T20:00:00,morning,Riyadh,False,MOCK / SYNTHETIC DEMO DATA — SAUDI MARKET
syn_txn_000176,user_redsea,barns,coffee,21.86,2024-08-17T14:00:00,morning,Jeddah,False,MOCK / SYNTHETIC DEMO DATA — SAUDI MARKET
syn_txn_000175,user_delta,noon_saudi,retail,179.79,2024-08-17T21:00:00,afternoon,Riyadh,False,MOCK / SYNTHETIC DEMO DATA — SAUDI MARKET
syn_txn_000177,user_falcon,al_dawaa,pharmacy,74.6,2024-08-19T13:00:00,evening,Dammam,True,MOCK / SYNTHETIC DEMO DATA — SAUDI MARKET
syn_txn_000178,user_delta,camel_step,coffee,26.89,2024-08-22T20:00:00,morning,Riyadh,False,MOCK / SYNTHETIC DEMO DATA — SAUDI MARKET
syn_txn_000179,user_najd,maestro,restaurant,58.1,2024-08-26T20:00:00,evening,Riyadh,False,MOCK / SYNTHETIC DEMO DATA — SAUDI MARKET
syn_txn_000180,user_delta,noon_saudi,retail,197.2,2024-08-27T12:00:00,afternoon,Riyadh,False,MOCK / SYNTHETIC DEMO DATA — SAUDI MARKET
syn_txn_000182,user_delta,camel_step,coffee,31.71,2024-08-30T15:00:00,morning,Riyadh,False,MOCK / SYNTHETIC DEMO DATA — SAUDI MARKET
syn_txn_000181,rashid,half_million,coffee,19.46,2024-08-30T15:00:00,morning,Riyadh,False,MOCK / SYNTHETIC DEMO DATA — SAUDI MARKET
syn_txn_000183,user_delta,herfy,restaurant,40.44,2024-08-31T19:00:00,evening,Riyadh,False,MOCK / SYNTHETIC DEMO DATA — SAUDI MARKET
syn_txn_000184,user_delta,panda,grocery,166.14,2024-09-02T11:00:00,afternoon,Jeddah,True,MOCK / SYNTHETIC DEMO DATA — SAUDI MARKET
syn_txn_000185,user_najd,maestro,restaurant,73.51,2024-09-06T19:00:00,evening,Riyadh,False,MOCK / SYNTHETIC DEMO DATA — SAUDI MARKET
syn_txn_000186,user_falcon,extra,retail,671.03,2024-09-07T14:00:00,afternoon,Khobar,False,MOCK / SYNTHETIC DEMO DATA — SAUDI MARKET
syn_txn_000187,user_najd,jarir,retail,292.01,2024-09-09T19:00:00,afternoon,Riyadh,False,MOCK / SYNTHETIC DEMO DATA — SAUDI MARKET
syn_txn_000188,user_delta,herfy,restaurant,32.99,2024-09-13T20:00:00,evening,Riyadh,False,MOCK / SYNTHETIC DEMO DATA — SAUDI MARKET
syn_txn_000189,rashid,barns,coffee,14.6,2024-09-20T15:00:00,morning,Jeddah,False,MOCK / SYNTHETIC DEMO DATA — SAUDI MARKET
syn_txn_000191,user_falcon,extra,retail,591.84,2024-09-21T13:00:00,afternoon,Khobar,False,MOCK / SYNTHETIC DEMO DATA — SAUDI MARKET
syn_txn_000190,rashid,al_dawaa,pharmacy,75.14,2024-09-21T19:00:00,evening,Dammam,True,MOCK / SYNTHETIC DEMO DATA — SAUDI MARKET
syn_txn_000192,user_falcon,shawarmer,restaurant,41.65,2024-09-23T09:00:00,evening,Riyadh,False,MOCK / SYNTHETIC DEMO DATA — SAUDI MARKET
syn_txn_000193,user_najd,maestro,restaurant,58.02,2024-09-24T15:00:00,evening,Riyadh,False,MOCK / SYNTHETIC DEMO DATA — SAUDI MARKET
syn_txn_000194,user_delta,noon_saudi,retail,173.15,2024-09-27T21:00:00,afternoon,Riyadh,False,MOCK / SYNTHETIC DEMO DATA — SAUDI MARKET
syn_txn_000195,rashid,half_million,coffee,19.79,2024-09-28T14:00:00,morning,Riyadh,False,MOCK / SYNTHETIC DEMO DATA — SAUDI MARKET
syn_txn_000196,user_delta,panda,grocery,159.57,2024-09-29T18:00:00,afternoon,Jeddah,True,MOCK / SYNTHETIC DEMO DATA — SAUDI MARKET
syn_txn_000197,rashid,half_million,coffee,20.99,2024-10-01T20:00:00,morning,Riyadh,False,MOCK / SYNTHETIC DEMO DATA — SAUDI MARKET
syn_txn_000198,user_delta,noon_saudi,retail,224.7,2024-10-02T13:00:00,afternoon,Riyadh,False,MOCK / SYNTHETIC DEMO DATA — SAUDI MARKET
syn_txn_000199,user_redsea,barns,coffee,23.13,2024-10-03T16:00:00,morning,Jeddah,False,MOCK / SYNTHETIC DEMO DATA — SAUDI MARKET
syn_txn_000201,rashid,barns,coffee,19.88,2024-10-18T10:00:00,morning,Jeddah,False,MOCK / SYNTHETIC DEMO DATA — SAUDI MARKET
syn_txn_000202,user_najd,half_million,coffee,20.94,2024-10-18T11:00:00,morning,Riyadh,False,MOCK / SYNTHETIC DEMO DATA — SAUDI MARKET
syn_txn_000200,rashid,half_million,coffee,22.34,2024-10-18T14:00:00,morning,Riyadh,False,MOCK / SYNTHETIC DEMO DATA — SAUDI MARKET
syn_txn_000203,rashid,panda,grocery,155.19,2024-10-19T20:00:00,afternoon,Jeddah,True,MOCK / SYNTHETIC DEMO DATA — SAUDI MARKET
syn_txn_000204,user_redsea,barns,coffee,20.74,2024-10-25T13:00:00,morning,Jeddah,False,MOCK / SYNTHETIC DEMO DATA — SAUDI MARKET
syn_txn_000205,rashid,half_million,coffee,29.16,2024-10-26T15:00:00,morning,Riyadh,False,MOCK / SYNTHETIC DEMO DATA — SAUDI MARKET
syn_txn_000206,user_falcon,shawarmer,restaurant,38.46,2024-10-26T18:00:00,evening,Riyadh,False,MOCK / SYNTHETIC DEMO DATA — SAUDI MARKET
syn_txn_000207,user_najd,maestro,restaurant,48.35,2024-10-31T19:00:00,evening,Riyadh,False,MOCK / SYNTHETIC DEMO DATA — SAUDI MARKET
syn_txn_000208,user_najd,maestro,restaurant,45.38,2024-11-02T18:00:00,evening,Riyadh,False,MOCK / SYNTHETIC DEMO DATA — SAUDI MARKET
syn_txn_000209,user_falcon,dose,coffee,27.87,2024-11-03T21:00:00,morning,Khobar,False,MOCK / SYNTHETIC DEMO DATA — SAUDI MARKET
syn_txn_000210,user_falcon,dose,coffee,21.55,2024-11-08T20:00:00,morning,Khobar,False,MOCK / SYNTHETIC DEMO DATA — SAUDI MARKET
syn_txn_000211,user_redsea,albaik,restaurant,29.47,2024-11-14T15:00:00,evening,Jeddah,False,MOCK / SYNTHETIC DEMO DATA — SAUDI MARKET
syn_txn_000213,user_falcon,shawarmer,restaurant,37.25,2024-11-15T13:00:00,evening,Riyadh,False,MOCK / SYNTHETIC DEMO DATA — SAUDI MARKET
syn_txn_000212,rashid,barns,coffee,20.19,2024-11-15T15:00:00,morning,Jeddah,False,MOCK / SYNTHETIC DEMO DATA — SAUDI MARKET
syn_txn_000214,user_redsea,albaik,restaurant,32.42,2024-11-15T20:00:00,evening,Jeddah,False,MOCK / SYNTHETIC DEMO DATA — SAUDI MARKET
syn_txn_000215,user_najd,maestro,restaurant,66.0,2024-11-22T13:00:00,evening,Riyadh,False,MOCK / SYNTHETIC DEMO DATA — SAUDI MARKET
syn_txn_000217,user_delta,herfy,restaurant,32.62,2024-11-29T14:00:00,evening,Riyadh,False,MOCK / SYNTHETIC DEMO DATA — SAUDI MARKET
syn_txn_000216,rashid,half_million,coffee,25.18,2024-11-29T19:00:00,morning,Riyadh,False,MOCK / SYNTHETIC DEMO DATA — SAUDI MARKET
syn_txn_000218,user_falcon,dose,coffee,21.87,2024-11-30T10:00:00,morning,Khobar,False,MOCK / SYNTHETIC DEMO DATA — SAUDI MARKET
syn_txn_000219,user_falcon,extra,retail,656.55,2024-11-30T18:00:00,afternoon,Khobar,False,MOCK / SYNTHETIC DEMO DATA — SAUDI MARKET
syn_txn_000220,user_falcon,dose,coffee,30.51,2024-12-02T08:00:00,morning,Khobar,False,MOCK / SYNTHETIC DEMO DATA — SAUDI MARKET
syn_txn_000221,user_redsea,albaik,restaurant,26.77,2024-12-03T13:00:00,evening,Jeddah,False,MOCK / SYNTHETIC DEMO DATA — SAUDI MARKET
syn_txn_000222,rashid,half_million,coffee,16.38,2024-12-05T21:00:00,morning,Riyadh,False,MOCK / SYNTHETIC DEMO DATA — SAUDI MARKET
syn_txn_000223,rashid,half_million,coffee,21.24,2024-12-06T08:00:00,morning,Riyadh,False,MOCK / SYNTHETIC DEMO DATA — SAUDI MARKET
syn_txn_000224,user_delta,herfy,restaurant,41.0,2024-12-13T17:00:00,evening,Riyadh,False,MOCK / SYNTHETIC DEMO DATA — SAUDI MARKET
syn_txn_000225,user_falcon,shawarmer,restaurant,39.86,2024-12-17T21:00:00,evening,Riyadh,False,MOCK / SYNTHETIC DEMO DATA — SAUDI MARKET
syn_txn_000226,rashid,half_million,coffee,25.61,2024-12-20T21:00:00,morning,Riyadh,False,MOCK / SYNTHETIC DEMO DATA — SAUDI MARKET
syn_txn_000227,user_najd,flynas,travel,508.95,2025-01-03T09:00:00,evening,Riyadh,False,MOCK / SYNTHETIC DEMO DATA — SAUDI MARKET
syn_txn_000228,rashid,half_million,coffee,27.6,2025-01-04T14:00:00,morning,Riyadh,False,MOCK / SYNTHETIC DEMO DATA — SAUDI MARKET
syn_txn_000229,user_redsea,barns,coffee,23.4,2025-01-08T17:00:00,morning,Jeddah,False,MOCK / SYNTHETIC DEMO DATA — SAUDI MARKET
syn_txn_000230,user_redsea,saudia,travel,740.85,2025-01-11T16:00:00,evening,Jeddah,False,MOCK / SYNTHETIC DEMO DATA — SAUDI MARKET
syn_txn_000231,rashid,half_million,coffee,23.49,2025-01-18T19:00:00,morning,Riyadh,False,MOCK / SYNTHETIC DEMO DATA — SAUDI MARKET
syn_txn_000232,user_najd,jarir,retail,351.63,2025-01-24T15:00:00,afternoon,Riyadh,False,MOCK / SYNTHETIC DEMO DATA — SAUDI MARKET
syn_txn_000233,rashid,albaik,restaurant,34.78,2025-02-07T19:00:00,evening,Jeddah,False,MOCK / SYNTHETIC DEMO DATA — SAUDI MARKET
syn_txn_000234,user_delta,camel_step,coffee,29.58,2025-02-07T20:00:00,morning,Riyadh,False,MOCK / SYNTHETIC DEMO DATA — SAUDI MARKET
syn_txn_000235,user_redsea,barns,coffee,20.01,2025-02-08T14:00:00,morning,Jeddah,False,MOCK / SYNTHETIC DEMO DATA — SAUDI MARKET
syn_txn_000236,rashid,albaik,restaurant,28.21,2025-02-14T09:00:00,evening,Jeddah,False,MOCK / SYNTHETIC DEMO DATA — SAUDI MARKET
syn_txn_000237,user_falcon,al_dawaa,pharmacy,101.35,2025-02-15T13:00:00,evening,Dammam,True,MOCK / SYNTHETIC DEMO DATA — SAUDI MARKET
syn_txn_000238,user_delta,herfy,restaurant,39.85,2025-03-04T10:00:00,evening,Riyadh,False,MOCK / SYNTHETIC DEMO DATA — SAUDI MARKET
syn_txn_000239,user_redsea,barns,coffee,26.67,2025-03-08T18:00:00,morning,Jeddah,False,MOCK / SYNTHETIC DEMO DATA — SAUDI MARKET
syn_txn_000241,user_falcon,al_dawaa,pharmacy,112.57,2025-03-14T16:00:00,evening,Dammam,True,MOCK / SYNTHETIC DEMO DATA — SAUDI MARKET
syn_txn_000242,user_redsea,albaik,restaurant,31.64,2025-03-14T17:00:00,evening,Jeddah,False,MOCK / SYNTHETIC DEMO DATA — SAUDI MARKET
syn_txn_000240,rashid,half_million,coffee,20.86,2025-03-14T19:00:00,morning,Riyadh,False,MOCK / SYNTHETIC DEMO DATA — SAUDI MARKET
syn_txn_000243,user_delta,panda,grocery,179.52,2025-03-17T10:00:00,afternoon,Jeddah,True,MOCK / SYNTHETIC DEMO DATA — SAUDI MARKET
syn_txn_000244,user_delta,camel_step,coffee,36.0,2025-03-18T21:00:00,morning,Riyadh,False,MOCK / SYNTHETIC DEMO DATA — SAUDI MARKET
syn_txn_000246,user_najd,maestro,restaurant,75.82,2025-03-28T08:00:00,evening,Riyadh,False,MOCK / SYNTHETIC DEMO DATA — SAUDI MARKET
syn_txn_000245,user_delta,camel_step,coffee,26.26,2025-03-28T13:00:00,morning,Riyadh,False,MOCK / SYNTHETIC DEMO DATA — SAUDI MARKET
syn_txn_000247,rashid,half_million,coffee,21.62,2025-03-30T12:00:00,morning,Riyadh,False,MOCK / SYNTHETIC DEMO DATA — SAUDI MARKET
syn_txn_000249,user_redsea,albaik,restaurant,39.2,2025-04-04T08:00:00,evening,Jeddah,False,MOCK / SYNTHETIC DEMO DATA — SAUDI MARKET
syn_txn_000248,user_najd,maestro,restaurant,61.14,2025-04-04T19:00:00,evening,Riyadh,False,MOCK / SYNTHETIC DEMO DATA — SAUDI MARKET
syn_txn_000250,rashid,albaik,restaurant,33.71,2025-04-05T15:00:00,evening,Jeddah,False,MOCK / SYNTHETIC DEMO DATA — SAUDI MARKET
syn_txn_000251,rashid,jarir,retail,419.83,2025-04-05T20:00:00,afternoon,Riyadh,False,MOCK / SYNTHETIC DEMO DATA — SAUDI MARKET
syn_txn_000252,rashid,half_million,coffee,23.25,2025-04-06T15:00:00,morning,Riyadh,False,MOCK / SYNTHETIC DEMO DATA — SAUDI MARKET
syn_txn_000253,user_falcon,dose,coffee,24.2,2025-04-07T12:00:00,morning,Khobar,False,MOCK / SYNTHETIC DEMO DATA — SAUDI MARKET
syn_txn_000254,rashid,panda,grocery,135.67,2025-04-08T20:00:00,afternoon,Jeddah,True,MOCK / SYNTHETIC DEMO DATA — SAUDI MARKET
syn_txn_000255,user_delta,noon_saudi,retail,135.41,2025-04-09T08:00:00,afternoon,Riyadh,False,MOCK / SYNTHETIC DEMO DATA — SAUDI MARKET
syn_txn_000256,user_najd,maestro,restaurant,46.76,2025-04-11T17:00:00,evening,Riyadh,False,MOCK / SYNTHETIC DEMO DATA — SAUDI MARKET
syn_txn_000257,user_falcon,shawarmer,restaurant,29.38,2025-04-19T08:00:00,evening,Riyadh,False,MOCK / SYNTHETIC DEMO DATA — SAUDI MARKET
syn_txn_000258,user_najd,maestro,restaurant,79.98,2025-04-19T12:00:00,evening,Riyadh,False,MOCK / SYNTHETIC DEMO DATA — SAUDI MARKET
syn_txn_000259,user_najd,half_million,coffee,27.2,2025-04-22T19:00:00,morning,Riyadh,False,MOCK / SYNTHETIC DEMO DATA — SAUDI MARKET
syn_txn_000260,user_falcon,shawarmer,restaurant,31.2,2025-05-02T18:00:00,evening,Riyadh,False,MOCK / SYNTHETIC DEMO DATA — SAUDI MARKET
syn_txn_000261,rashid,jarir,retail,430.07,2025-05-05T18:00:00,afternoon,Riyadh,False,MOCK / SYNTHETIC DEMO DATA — SAUDI MARKET
syn_txn_000262,user_delta,panda,grocery,107.0,2025-05-06T12:00:00,afternoon,Jeddah,True,MOCK / SYNTHETIC DEMO DATA — SAUDI MARKET
syn_txn_000263,user_delta,herfy,restaurant,36.43,2025-05-13T15:00:00,evening,Riyadh,False,MOCK / SYNTHETIC DEMO DATA — SAUDI MARKET
syn_txn_000264,user_redsea,albaik,restaurant,28.88,2025-05-18T12:00:00,evening,Jeddah,False,MOCK / SYNTHETIC DEMO DATA — SAUDI MARKET
syn_txn_000265,user_falcon,al_dawaa,pharmacy,108.34,2025-05-21T19:00:00,evening,Dammam,True,MOCK / SYNTHETIC DEMO DATA — SAUDI MARKET
syn_txn_000266,user_delta,herfy,restaurant,49.16,2025-05-23T09:00:00,evening,Riyadh,False,MOCK / SYNTHETIC DEMO DATA — SAUDI MARKET
syn_txn_000267,user_najd,maestro,restaurant,76.2,2025-05-23T14:00:00,evening,Riyadh,False,MOCK / SYNTHETIC DEMO DATA — SAUDI MARKET
syn_txn_000268,user_redsea,albaik,restaurant,36.16,2025-05-24T17:00:00,evening,Jeddah,False,MOCK / SYNTHETIC DEMO DATA — SAUDI MARKET
syn_txn_000269,user_redsea,albaik,restaurant,21.09,2025-05-30T09:00:00,evening,Jeddah,False,MOCK / SYNTHETIC DEMO DATA — SAUDI MARKET
syn_txn_000270,user_falcon,al_dawaa,pharmacy,123.57,2025-05-31T21:00:00,evening,Dammam,True,MOCK / SYNTHETIC DEMO DATA — SAUDI MARKET
syn_txn_000271,user_najd,maestro,restaurant,58.52,2025-06-03T11:00:00,evening,Riyadh,False,MOCK / SYNTHETIC DEMO DATA — SAUDI MARKET
syn_txn_000272,user_delta,herfy,restaurant,31.76,2025-06-06T14:00:00,evening,Riyadh,False,MOCK / SYNTHETIC DEMO DATA — SAUDI MARKET
syn_txn_000273,rashid,half_million,coffee,25.26,2025-06-13T12:00:00,morning,Riyadh,False,MOCK / SYNTHETIC DEMO DATA — SAUDI MARKET
syn_txn_000275,user_delta,camel_step,coffee,28.32,2025-06-15T17:00:00,morning,Riyadh,False,MOCK / SYNTHETIC DEMO DATA — SAUDI MARKET
syn_txn_000274,rashid,albaik,restaurant,31.98,2025-06-15T18:00:00,evening,Jeddah,False,MOCK / SYNTHETIC DEMO DATA — SAUDI MARKET
syn_txn_000276,user_delta,camel_step,coffee,32.21,2025-06-20T12:00:00,morning,Riyadh,False,MOCK / SYNTHETIC DEMO DATA — SAUDI MARKET
syn_txn_000277,rashid,barns,coffee,23.67,2025-06-21T11:00:00,morning,Jeddah,False,MOCK / SYNTHETIC DEMO DATA — SAUDI MARKET
syn_txn_000278,user_redsea,panda,grocery,121.72,2025-06-21T13:00:00,afternoon,Jeddah,True,MOCK / SYNTHETIC DEMO DATA — SAUDI MARKET
syn_txn_000279,user_najd,maestro,restaurant,68.66,2025-06-27T08:00:00,evening,Riyadh,False,MOCK / SYNTHETIC DEMO DATA — SAUDI MARKET
syn_txn_000280,user_redsea,albaik,restaurant,36.36,2025-07-04T09:00:00,evening,Jeddah,False,MOCK / SYNTHETIC DEMO DATA — SAUDI MARKET
syn_txn_000281,user_delta,herfy,restaurant,29.96,2025-07-22T09:00:00,evening,Riyadh,False,MOCK / SYNTHETIC DEMO DATA — SAUDI MARKET
syn_txn_000282,user_najd,maestro,restaurant,45.04,2025-07-24T11:00:00,evening,Riyadh,False,MOCK / SYNTHETIC DEMO DATA — SAUDI MARKET
syn_txn_000283,rashid,al_dawaa,pharmacy,85.95,2025-08-01T08:00:00,evening,Dammam,True,MOCK / SYNTHETIC DEMO DATA — SAUDI MARKET
syn_txn_000284,user_delta,camel_step,coffee,32.12,2025-08-01T16:00:00,morning,Riyadh,False,MOCK / SYNTHETIC DEMO DATA — SAUDI MARKET
syn_txn_000286,user_redsea,panda,grocery,111.32,2025-08-02T17:00:00,afternoon,Jeddah,True,MOCK / SYNTHETIC DEMO DATA — SAUDI MARKET
syn_txn_000285,user_najd,half_million,coffee,23.34,2025-08-02T21:00:00,morning,Riyadh,False,MOCK / SYNTHETIC DEMO DATA — SAUDI MARKET
syn_txn_000288,rashid,barns,coffee,20.99,2025-08-04T08:00:00,morning,Jeddah,False,MOCK / SYNTHETIC DEMO DATA — SAUDI MARKET
syn_txn_000287,rashid,half_million,coffee,24.14,2025-08-04T16:00:00,morning,Riyadh,False,MOCK / SYNTHETIC DEMO DATA — SAUDI MARKET
syn_txn_000289,user_falcon,shawarmer,restaurant,37.16,2025-08-08T17:00:00,evening,Riyadh,False,MOCK / SYNTHETIC DEMO DATA — SAUDI MARKET
syn_txn_000290,user_redsea,albaik,restaurant,34.31,2025-08-15T13:00:00,evening,Jeddah,False,MOCK / SYNTHETIC DEMO DATA — SAUDI MARKET
syn_txn_000291,rashid,half_million,coffee,24.85,2025-08-19T20:00:00,morning,Riyadh,False,MOCK / SYNTHETIC DEMO DATA — SAUDI MARKET
syn_txn_000292,user_falcon,shawarmer,restaurant,29.99,2025-08-22T15:00:00,evening,Riyadh,False,MOCK / SYNTHETIC DEMO DATA — SAUDI MARKET
syn_txn_000293,user_delta,noon_saudi,retail,211.52,2025-08-23T17:00:00,afternoon,Riyadh,False,MOCK / SYNTHETIC DEMO DATA — SAUDI MARKET
syn_txn_000294,user_redsea,albaik,restaurant,26.32,2025-08-26T20:00:00,evening,Jeddah,False,MOCK / SYNTHETIC DEMO DATA — SAUDI MARKET
syn_txn_000295,rashid,half_million,coffee,30.02,2025-08-28T21:00:00,morning,Riyadh,False,MOCK / SYNTHETIC DEMO DATA — SAUDI MARKET
syn_txn_000296,rashid,half_million,coffee,25.66,2025-08-29T21:00:00,morning,Riyadh,False,MOCK / SYNTHETIC DEMO DATA — SAUDI MARKET
syn_txn_000297,user_delta,panda,grocery,153.73,2025-08-31T20:00:00,afternoon,Jeddah,True,MOCK / SYNTHETIC DEMO DATA — SAUDI MARKET
syn_txn_000298,user_falcon,shawarmer,restaurant,40.65,2025-09-01T16:00:00,evening,Riyadh,False,MOCK / SYNTHETIC DEMO DATA — SAUDI MARKET
syn_txn_000299,user_redsea,barns,coffee,24.88,2025-09-05T14:00:00,morning,Jeddah,False,MOCK / SYNTHETIC DEMO DATA — SAUDI MARKET
syn_txn_000300,user_najd,maestro,restaurant,97.04,2025-09-08T21:00:00,evening,Riyadh,False,MOCK / SYNTHETIC DEMO DATA — SAUDI MARKET
syn_txn_000301,rashid,half_million,coffee,21.16,2025-09-11T11:00:00,morning,Riyadh,False,MOCK / SYNTHETIC DEMO DATA — SAUDI MARKET
syn_txn_000302,user_najd,maestro,restaurant,66.08,2025-09-12T14:00:00,evening,Riyadh,False,MOCK / SYNTHETIC DEMO DATA — SAUDI MARKET
syn_txn_000304,user_redsea,barns,coffee,24.13,2025-09-15T09:00:00,morning,Jeddah,False,MOCK / SYNTHETIC DEMO DATA — SAUDI MARKET
syn_txn_000303,user_delta,herfy,restaurant,39.21,2025-09-15T15:00:00,evening,Riyadh,False,MOCK / SYNTHETIC DEMO DATA — SAUDI MARKET
syn_txn_000305,user_falcon,shawarmer,restaurant,37.29,2025-09-16T10:00:00,evening,Riyadh,False,MOCK / SYNTHETIC DEMO DATA — SAUDI MARKET
syn_txn_000306,rashid,albaik,restaurant,26.02,2025-09-26T08:00:00,evening,Jeddah,False,MOCK / SYNTHETIC DEMO DATA — SAUDI MARKET
syn_txn_000307,user_falcon,dose,coffee,21.74,2025-09-26T09:00:00,morning,Khobar,False,MOCK / SYNTHETIC DEMO DATA — SAUDI MARKET
syn_txn_000308,user_redsea,albaik,restaurant,26.76,2025-09-26T19:00:00,evening,Jeddah,False,MOCK / SYNTHETIC DEMO DATA — SAUDI MARKET
syn_txn_000309,user_redsea,albaik,restaurant,34.08,2025-09-30T18:00:00,evening,Jeddah,False,MOCK / SYNTHETIC DEMO DATA — SAUDI MARKET
syn_txn_000310,user_najd,maestro,restaurant,46.27,2025-10-09T15:00:00,evening,Riyadh,False,MOCK / SYNTHETIC DEMO DATA — SAUDI MARKET
syn_txn_000311,user_delta,panda,grocery,155.42,2025-10-11T08:00:00,afternoon,Jeddah,True,MOCK / SYNTHETIC DEMO DATA — SAUDI MARKET
syn_txn_000312,user_delta,herfy,restaurant,33.79,2025-10-12T16:00:00,evening,Riyadh,False,MOCK / SYNTHETIC DEMO DATA — SAUDI MARKET
syn_txn_000313,user_redsea,barns,coffee,26.27,2025-10-12T19:00:00,morning,Jeddah,False,MOCK / SYNTHETIC DEMO DATA — SAUDI MARKET
syn_txn_000315,rashid,panda,grocery,189.96,2025-10-17T10:00:00,afternoon,Jeddah,True,MOCK / SYNTHETIC DEMO DATA — SAUDI MARKET
syn_txn_000314,rashid,albaik,restaurant,30.57,2025-10-17T20:00:00,evening,Jeddah,False,MOCK / SYNTHETIC DEMO DATA — SAUDI MARKET
syn_txn_000316,rashid,albaik,restaurant,31.37,2025-10-31T12:00:00,evening,Jeddah,False,MOCK / SYNTHETIC DEMO DATA — SAUDI MARKET
syn_txn_000317,rashid,panda,grocery,165.73,2025-11-01T12:00:00,afternoon,Jeddah,True,MOCK / SYNTHETIC DEMO DATA — SAUDI MARKET
syn_txn_000318,user_redsea,panda,grocery,159.96,2025-11-12T08:00:00,afternoon,Jeddah,True,MOCK / SYNTHETIC DEMO DATA — SAUDI MARKET
syn_txn_000319,user_najd,maestro,restaurant,61.06,2025-11-13T16:00:00,evening,Riyadh,False,MOCK / SYNTHETIC DEMO DATA — SAUDI MARKET
syn_txn_000320,user_falcon,dose,coffee,30.93,2025-11-14T08:00:00,morning,Khobar,False,MOCK / SYNTHETIC DEMO DATA — SAUDI MARKET
syn_txn_000321,user_najd,maestro,restaurant,50.92,2025-11-19T08:00:00,evening,Riyadh,False,MOCK / SYNTHETIC DEMO DATA — SAUDI MARKET
syn_txn_000323,user_delta,camel_step,coffee,28.27,2025-11-21T09:00:00,morning,Riyadh,False,MOCK / SYNTHETIC DEMO DATA — SAUDI MARKET
syn_txn_000322,rashid,albaik,restaurant,37.08,2025-11-21T10:00:00,evening,Jeddah,False,MOCK / SYNTHETIC DEMO DATA — SAUDI MARKET
syn_txn_000324,rashid,albaik,restaurant,22.06,2025-11-22T21:00:00,evening,Jeddah,False,MOCK / SYNTHETIC DEMO DATA — SAUDI MARKET
syn_txn_000325,user_najd,half_million,coffee,24.01,2025-11-23T17:00:00,morning,Riyadh,False,MOCK / SYNTHETIC DEMO DATA — SAUDI MARKET
syn_txn_000326,user_redsea,panda,grocery,165.86,2025-11-29T13:00:00,afternoon,Jeddah,True,MOCK / SYNTHETIC DEMO DATA — SAUDI MARKET
syn_txn_000327,user_delta,panda,grocery,140.44,2025-12-01T20:00:00,afternoon,Jeddah,True,MOCK / SYNTHETIC DEMO DATA — SAUDI MARKET
syn_txn_000328,user_redsea,albaik,restaurant,35.1,2025-12-03T16:00:00,evening,Jeddah,False,MOCK / SYNTHETIC DEMO DATA — SAUDI MARKET
syn_txn_000329,rashid,barns,coffee,21.8,2025-12-06T11:00:00,morning,Jeddah,False,MOCK / SYNTHETIC DEMO DATA — SAUDI MARKET
syn_txn_000330,rashid,al_dawaa,pharmacy,73.22,2025-12-06T14:00:00,evening,Dammam,True,MOCK / SYNTHETIC DEMO DATA — SAUDI MARKET
syn_txn_000331,user_najd,jarir,retail,251.9,2025-12-09T20:00:00,afternoon,Riyadh,False,MOCK / SYNTHETIC DEMO DATA — SAUDI MARKET
syn_txn_000332,user_falcon,extra,retail,436.58,2025-12-12T11:00:00,afternoon,Khobar,False,MOCK / SYNTHETIC DEMO DATA — SAUDI MARKET
syn_txn_000333,user_redsea,albaik,restaurant,36.16,2025-12-12T16:00:00,evening,Jeddah,False,MOCK / SYNTHETIC DEMO DATA — SAUDI MARKET
syn_txn_000334,user_delta,camel_step,coffee,33.86,2025-12-15T13:00:00,morning,Riyadh,False,MOCK / SYNTHETIC DEMO DATA — SAUDI MARKET
syn_txn_000335,user_delta,noon_saudi,retail,191.05,2025-12-16T13:00:00,afternoon,Riyadh,False,MOCK / SYNTHETIC DEMO DATA — SAUDI MARKET
syn_txn_000336,user_delta,panda,grocery,128.38,2025-12-17T18:00:00,afternoon,Jeddah,True,MOCK / SYNTHETIC DEMO DATA — SAUDI MARKET
syn_txn_000337,user_falcon,shawarmer,restaurant,39.05,2025-12-19T15:00:00,evening,Riyadh,False,MOCK / SYNTHETIC DEMO DATA — SAUDI MARKET
syn_txn_000338,user_redsea,barns,coffee,29.14,2025-12-19T21:00:00,morning,Jeddah,False,MOCK / SYNTHETIC DEMO DATA — SAUDI MARKET
syn_txn_000339,rashid,albaik,restaurant,25.73,2025-12-20T09:00:00,evening,Jeddah,False,MOCK / SYNTHETIC DEMO DATA — SAUDI MARKET
syn_txn_000340,user_delta,noon_saudi,retail,147.45,2025-12-21T10:00:00,afternoon,Riyadh,False,MOCK / SYNTHETIC DEMO DATA — SAUDI MARKET
syn_txn_000341,rashid,half_million,coffee,28.57,2025-12-22T08:00:00,morning,Riyadh,False,MOCK / SYNTHETIC DEMO DATA — SAUDI MARKET
syn_txn_000342,user_delta,herfy,restaurant,48.65,2025-12-26T15:00:00,evening,Riyadh,False,MOCK / SYNTHETIC DEMO DATA — SAUDI MARKET
syn_txn_000343,user_najd,jarir,retail,255.34,2025-12-27T16:00:00,afternoon,Riyadh,False,MOCK / SYNTHETIC DEMO DATA — SAUDI MARKET
syn_txn_000344,user_delta,noon_saudi,retail,226.81,2025-12-29T16:00:00,afternoon,Riyadh,False,MOCK / SYNTHETIC DEMO DATA — SAUDI MARKET
syn_txn_000345,user_delta,camel_step,coffee,23.8,2026-01-02T10:00:00,morning,Riyadh,False,MOCK / SYNTHETIC DEMO DATA — SAUDI MARKET
syn_txn_000347,user_delta,noon_saudi,retail,100.03,2026-01-03T18:00:00,afternoon,Riyadh,False,MOCK / SYNTHETIC DEMO DATA — SAUDI MARKET
syn_txn_000346,rashid,half_million,coffee,24.3,2026-01-03T21:00:00,morning,Riyadh,False,MOCK / SYNTHETIC DEMO DATA — SAUDI MARKET
syn_txn_000348,user_redsea,albaik,restaurant,40.75,2026-01-04T15:00:00,evening,Jeddah,False,MOCK / SYNTHETIC DEMO DATA — SAUDI MARKET
syn_txn_000351,user_falcon,shawarmer,restaurant,28.7,2026-01-10T08:00:00,evening,Riyadh,False,MOCK / SYNTHETIC DEMO DATA — SAUDI MARKET
syn_txn_000349,user_delta,camel_step,coffee,32.04,2026-01-10T10:00:00,morning,Riyadh,False,MOCK / SYNTHETIC DEMO DATA — SAUDI MARKET
syn_txn_000350,user_delta,panda,grocery,132.07,2026-01-10T19:00:00,afternoon,Jeddah,True,MOCK / SYNTHETIC DEMO DATA — SAUDI MARKET
syn_txn_000352,user_delta,noon_saudi,retail,178.61,2026-01-13T16:00:00,afternoon,Riyadh,False,MOCK / SYNTHETIC DEMO DATA — SAUDI MARKET
syn_txn_000353,user_redsea,barns,coffee,18.45,2026-01-14T18:00:00,morning,Jeddah,False,MOCK / SYNTHETIC DEMO DATA — SAUDI MARKET
syn_txn_000355,user_falcon,shawarmer,restaurant,40.74,2026-01-17T09:00:00,evening,Riyadh,False,MOCK / SYNTHETIC DEMO DATA — SAUDI MARKET
syn_txn_000354,rashid,barns,coffee,21.19,2026-01-17T17:00:00,morning,Jeddah,False,MOCK / SYNTHETIC DEMO DATA — SAUDI MARKET
syn_txn_000356,user_falcon,dose,coffee,34.81,2026-01-18T11:00:00,morning,Khobar,False,MOCK / SYNTHETIC DEMO DATA — SAUDI MARKET
syn_txn_000357,user_falcon,dose,coffee,16.81,2026-01-20T18:00:00,morning,Khobar,False,MOCK / SYNTHETIC DEMO DATA — SAUDI MARKET
syn_txn_000358,user_redsea,panda,grocery,112.66,2026-01-20T20:00:00,afternoon,Jeddah,True,MOCK / SYNTHETIC DEMO DATA — SAUDI MARKET
syn_txn_000359,rashid,half_million,coffee,24.69,2026-01-23T13:00:00,morning,Riyadh,False,MOCK / SYNTHETIC DEMO DATA — SAUDI MARKET
syn_txn_000360,user_najd,maestro,restaurant,41.4,2026-01-25T09:00:00,evening,Riyadh,False,MOCK / SYNTHETIC DEMO DATA — SAUDI MARKET
syn_txn_000362,user_delta,camel_step,coffee,15.2,2026-01-28T18:00:00,morning,Riyadh,False,MOCK / SYNTHETIC DEMO DATA — SAUDI MARKET
syn_txn_000361,rashid,panda,grocery,137.7,2026-01-28T21:00:00,afternoon,Jeddah,True,MOCK / SYNTHETIC DEMO DATA — SAUDI MARKET
syn_txn_000363,user_delta,camel_step,coffee,26.72,2026-01-30T10:00:00,morning,Riyadh,False,MOCK / SYNTHETIC DEMO DATA — SAUDI MARKET
syn_txn_000364,user_redsea,barns,coffee,20.16,2026-01-31T21:00:00,morning,Jeddah,False,MOCK / SYNTHETIC DEMO DATA — SAUDI MARKET
syn_txn_000365,user_najd,maestro,restaurant,68.41,2026-02-03T09:00:00,evening,Riyadh,False,MOCK / SYNTHETIC DEMO DATA — SAUDI MARKET
syn_txn_000366,user_falcon,al_dawaa,pharmacy,91.48,2026-02-06T18:00:00,evening,Dammam,True,MOCK / SYNTHETIC DEMO DATA — SAUDI MARKET
syn_txn_000368,user_falcon,extra,retail,707.73,2026-02-07T11:00:00,afternoon,Khobar,False,MOCK / SYNTHETIC DEMO DATA — SAUDI MARKET
syn_txn_000367,rashid,half_million,coffee,17.65,2026-02-07T18:00:00,morning,Riyadh,False,MOCK / SYNTHETIC DEMO DATA — SAUDI MARKET
syn_txn_000369,user_falcon,shawarmer,restaurant,37.33,2026-02-10T21:00:00,evening,Riyadh,False,MOCK / SYNTHETIC DEMO DATA — SAUDI MARKET
syn_txn_000370,rashid,panda,grocery,162.72,2026-02-15T10:00:00,afternoon,Jeddah,True,MOCK / SYNTHETIC DEMO DATA — SAUDI MARKET
syn_txn_000372,rashid,al_dawaa,pharmacy,94.31,2026-02-18T14:00:00,evening,Dammam,True,MOCK / SYNTHETIC DEMO DATA — SAUDI MARKET
syn_txn_000371,rashid,jarir,retail,403.9,2026-02-18T19:00:00,afternoon,Riyadh,False,MOCK / SYNTHETIC DEMO DATA — SAUDI MARKET
syn_txn_000373,rashid,barns,coffee,22.2,2026-02-20T15:00:00,morning,Jeddah,False,MOCK / SYNTHETIC DEMO DATA — SAUDI MARKET
syn_txn_000374,user_najd,maestro,restaurant,59.87,2026-02-24T10:00:00,evening,Riyadh,False,MOCK / SYNTHETIC DEMO DATA — SAUDI MARKET
syn_txn_000375,user_delta,camel_step,coffee,22.96,2026-02-25T14:00:00,morning,Riyadh,False,MOCK / SYNTHETIC DEMO DATA — SAUDI MARKET
syn_txn_000376,user_redsea,saudia,travel,439.18,2026-02-25T17:00:00,evening,Jeddah,False,MOCK / SYNTHETIC DEMO DATA — SAUDI MARKET
syn_txn_000377,user_delta,herfy,restaurant,35.71,2026-02-27T19:00:00,evening,Riyadh,False,MOCK / SYNTHETIC DEMO DATA — SAUDI MARKET
syn_txn_000378,user_redsea,albaik,restaurant,33.97,2026-03-06T12:00:00,evening,Jeddah,False,MOCK / SYNTHETIC DEMO DATA — SAUDI MARKET
syn_txn_000379,user_falcon,shawarmer,restaurant,41.7,2026-03-07T13:00:00,evening,Riyadh,False,MOCK / SYNTHETIC DEMO DATA — SAUDI MARKET
syn_txn_000380,user_redsea,albaik,restaurant,37.92,2026-03-10T18:00:00,evening,Jeddah,False,MOCK / SYNTHETIC DEMO DATA — SAUDI MARKET
syn_txn_000381,rashid,panda,grocery,166.57,2026-03-14T19:00:00,afternoon,Jeddah,True,MOCK / SYNTHETIC DEMO DATA — SAUDI MARKET
syn_txn_000382,rashid,half_million,coffee,19.77,2026-03-19T16:00:00,morning,Riyadh,False,MOCK / SYNTHETIC DEMO DATA — SAUDI MARKET
syn_txn_000383,rashid,albaik,restaurant,40.94,2026-03-21T15:00:00,evening,Jeddah,False,MOCK / SYNTHETIC DEMO DATA — SAUDI MARKET
syn_txn_000384,user_falcon,extra,retail,650.77,2026-03-21T15:00:00,afternoon,Khobar,False,MOCK / SYNTHETIC DEMO DATA — SAUDI MARKET
syn_txn_000385,user_delta,camel_step,coffee,27.89,2026-03-24T15:00:00,morning,Riyadh,False,MOCK / SYNTHETIC DEMO DATA — SAUDI MARKET
syn_txn_000386,rashid,barns,coffee,15.84,2026-03-27T11:00:00,morning,Jeddah,False,MOCK / SYNTHETIC DEMO DATA — SAUDI MARKET
syn_txn_000388,user_najd,maestro,restaurant,47.34,2026-03-27T14:00:00,evening,Riyadh,False,MOCK / SYNTHETIC DEMO DATA — SAUDI MARKET
syn_txn_000387,user_falcon,dose,coffee,27.04,2026-03-27T17:00:00,morning,Khobar,False,MOCK / SYNTHETIC DEMO DATA — SAUDI MARKET
syn_txn_000390,user_redsea,barns,coffee,21.38,2026-03-28T11:00:00,morning,Jeddah,False,MOCK / SYNTHETIC DEMO DATA — SAUDI MARKET
syn_txn_000389,rashid,half_million,coffee,26.16,2026-03-28T18:00:00,morning,Riyadh,False,MOCK / SYNTHETIC DEMO DATA — SAUDI MARKET
syn_txn_000391,rashid,albaik,restaurant,25.15,2026-04-02T19:00:00,evening,Jeddah,False,MOCK / SYNTHETIC DEMO DATA — SAUDI MARKET
syn_txn_000394,user_redsea,barns,coffee,21.58,2026-04-03T08:00:00,morning,Jeddah,False,MOCK / SYNTHETIC DEMO DATA — SAUDI MARKET
syn_txn_000393,user_delta,herfy,restaurant,35.86,2026-04-03T09:00:00,evening,Riyadh,False,MOCK / SYNTHETIC DEMO DATA — SAUDI MARKET
syn_txn_000392,rashid,half_million,coffee,18.15,2026-04-03T15:00:00,morning,Riyadh,False,MOCK / SYNTHETIC DEMO DATA — SAUDI MARKET
syn_txn_000395,user_redsea,panda,grocery,138.67,2026-04-04T09:00:00,afternoon,Jeddah,True,MOCK / SYNTHETIC DEMO DATA — SAUDI MARKET
syn_txn_000396,user_falcon,shawarmer,restaurant,20.77,2026-04-10T19:00:00,evening,Riyadh,False,MOCK / SYNTHETIC DEMO DATA — SAUDI MARKET
syn_txn_000397,rashid,panda,grocery,142.96,2026-04-12T08:00:00,afternoon,Jeddah,True,MOCK / SYNTHETIC DEMO DATA — SAUDI MARKET
syn_txn_000398,rashid,half_million,coffee,18.64,2026-04-13T17:00:00,morning,Riyadh,False,MOCK / SYNTHETIC DEMO DATA — SAUDI MARKET
syn_txn_000399,user_redsea,barns,coffee,24.94,2026-04-15T21:00:00,morning,Jeddah,False,MOCK / SYNTHETIC DEMO DATA — SAUDI MARKET
syn_txn_000400,user_najd,maestro,restaurant,49.49,2026-04-19T19:00:00,evening,Riyadh,False,MOCK / SYNTHETIC DEMO DATA — SAUDI MARKET
syn_txn_000401,rashid,barns,coffee,18.4,2026-04-21T13:00:00,morning,Jeddah,False,MOCK / SYNTHETIC DEMO DATA — SAUDI MARKET
syn_txn_000402,user_najd,flynas,travel,336.87,2026-04-25T20:00:00,evening,Riyadh,False,MOCK / SYNTHETIC DEMO DATA — SAUDI MARKET
syn_txn_000403,user_najd,maestro,restaurant,59.97,2026-04-30T18:00:00,evening,Riyadh,False,MOCK / SYNTHETIC DEMO DATA — SAUDI MARKET
syn_txn_000404,user_redsea,albaik,restaurant,24.61,2026-05-08T20:00:00,evening,Jeddah,False,MOCK / SYNTHETIC DEMO DATA — SAUDI MARKET
syn_txn_000405,user_falcon,shawarmer,restaurant,23.05,2026-05-09T17:00:00,evening,Riyadh,False,MOCK / SYNTHETIC DEMO DATA — SAUDI MARKET
syn_txn_000406,rashid,half_million,coffee,20.55,2026-05-15T09:00:00,morning,Riyadh,False,MOCK / SYNTHETIC DEMO DATA — SAUDI MARKET
syn_txn_000407,user_redsea,albaik,restaurant,32.88,2026-05-18T21:00:00,evening,Jeddah,False,MOCK / SYNTHETIC DEMO DATA — SAUDI MARKET
syn_txn_000408,rashid,half_million,coffee,24.18,2026-05-22T14:00:00,morning,Riyadh,False,MOCK / SYNTHETIC DEMO DATA — SAUDI MARKET
syn_txn_000409,user_delta,panda,grocery,140.1,2026-05-27T15:00:00,afternoon,Jeddah,True,MOCK / SYNTHETIC DEMO DATA — SAUDI MARKET
syn_txn_000411,user_delta,camel_step,coffee,25.12,2026-06-05T10:00:00,morning,Riyadh,False,MOCK / SYNTHETIC DEMO DATA — SAUDI MARKET
syn_txn_000410,rashid,albaik,restaurant,38.9,2026-06-05T20:00:00,evening,Jeddah,False,MOCK / SYNTHETIC DEMO DATA — SAUDI MARKET
syn_txn_000412,user_falcon,shawarmer,restaurant,28.44,2026-06-12T12:00:00,evening,Riyadh,False,MOCK / SYNTHETIC DEMO DATA — SAUDI MARKET
syn_txn_000413,rashid,panda,grocery,162.31,2026-06-13T09:00:00,afternoon,Jeddah,True,MOCK / SYNTHETIC DEMO DATA — SAUDI MARKET
syn_txn_000414,user_falcon,shawarmer,restaurant,31.98,2026-06-17T14:00:00,evening,Riyadh,False,MOCK / SYNTHETIC DEMO DATA — SAUDI MARKET
syn_txn_000415,user_falcon,dose,coffee,26.35,2026-06-19T16:00:00,morning,Khobar,False,MOCK / SYNTHETIC DEMO DATA — SAUDI MARKET
syn_txn_000416,user_falcon,shawarmer,restaurant,24.15,2026-06-26T15:00:00,evening,Riyadh,False,MOCK / SYNTHETIC DEMO DATA — SAUDI MARKET
syn_txn_000417,user_falcon,dose,coffee,26.86,2026-06-29T13:00:00,morning,Khobar,False,MOCK / SYNTHETIC DEMO DATA — SAUDI MARKET
syn_txn_000418,user_falcon,shawarmer,restaurant,30.07,2026-06-29T17:00:00,evening,Riyadh,False,MOCK / SYNTHETIC DEMO DATA — SAUDI MARKET
syn_txn_000419,rashid,panda,grocery,117.63,2026-06-30T09:00:00,afternoon,Jeddah,True,MOCK / SYNTHETIC DEMO DATA — SAUDI MARKET
syn_txn_000420,user_falcon,al_dawaa,pharmacy,98.06,2026-06-30T10:00:00,evening,Dammam,True,MOCK / SYNTHETIC DEMO DATA — SAUDI MARKET
syn_txn_000421,rashid,albaik,restaurant,29.27,2026-07-01T14:00:00,evening,Jeddah,False,MOCK / SYNTHETIC DEMO DATA — SAUDI MARKET
syn_txn_000422,user_falcon,shawarmer,restaurant,25.84,2026-07-01T14:00:00,evening,Riyadh,False,MOCK / SYNTHETIC DEMO DATA — SAUDI MARKET
syn_txn_000423,user_delta,herfy,restaurant,36.97,2026-07-03T15:00:00,evening,Riyadh,False,MOCK / SYNTHETIC DEMO DATA — SAUDI MARKET
syn_txn_000424,user_delta,herfy,restaurant,35.08,2026-07-20T15:00:00,evening,Riyadh,False,MOCK / SYNTHETIC DEMO DATA — SAUDI MARKET
syn_txn_000425,user_redsea,albaik,restaurant,38.24,2026-07-24T20:00:00,evening,Jeddah,False,MOCK / SYNTHETIC DEMO DATA — SAUDI MARKET
syn_txn_000426,rashid,albaik,restaurant,29.72,2026-07-26T14:00:00,evening,Jeddah,False,MOCK / SYNTHETIC DEMO DATA — SAUDI MARKET
syn_txn_000427,rashid,half_million,coffee,21.48,2026-08-01T19:00:00,morning,Riyadh,False,MOCK / SYNTHETIC DEMO DATA — SAUDI MARKET
syn_txn_000431,user_redsea,panda,grocery,106.02,2026-08-07T11:00:00,afternoon,Jeddah,True,MOCK / SYNTHETIC DEMO DATA — SAUDI MARKET
syn_txn_000428,rashid,half_million,coffee,29.0,2026-08-07T13:00:00,morning,Riyadh,False,MOCK / SYNTHETIC DEMO DATA — SAUDI MARKET
syn_txn_000429,user_falcon,shawarmer,restaurant,32.73,2026-08-07T19:00:00,evening,Riyadh,False,MOCK / SYNTHETIC DEMO DATA — SAUDI MARKET
syn_txn_000430,user_najd,half_million,coffee,29.91,2026-08-07T21:00:00,morning,Riyadh,False,MOCK / SYNTHETIC DEMO DATA — SAUDI MARKET
syn_txn_000432,user_falcon,shawarmer,restaurant,25.01,2026-08-08T21:00:00,evening,Riyadh,False,MOCK / SYNTHETIC DEMO DATA — SAUDI MARKET
syn_txn_000433,rashid,half_million,coffee,21.23,2026-08-11T21:00:00,morning,Riyadh,False,MOCK / SYNTHETIC DEMO DATA — SAUDI MARKET
syn_txn_000434,rashid,barns,coffee,19.94,2026-08-13T12:00:00,morning,Jeddah,False,MOCK / SYNTHETIC DEMO DATA — SAUDI MARKET
syn_txn_000435,rashid,albaik,restaurant,28.71,2026-08-14T15:00:00,evening,Jeddah,False,MOCK / SYNTHETIC DEMO DATA — SAUDI MARKET
syn_txn_000436,user_delta,panda,grocery,126.83,2026-08-15T16:00:00,afternoon,Jeddah,True,MOCK / SYNTHETIC DEMO DATA — SAUDI MARKET
syn_txn_000437,user_redsea,albaik,restaurant,24.26,2026-08-20T16:00:00,evening,Jeddah,False,MOCK / SYNTHETIC DEMO DATA — SAUDI MARKET
syn_txn_000438,user_falcon,dose,coffee,25.2,2026-08-21T12:00:00,morning,Khobar,False,MOCK / SYNTHETIC DEMO DATA — SAUDI MARKET
syn_txn_000440,user_falcon,al_dawaa,pharmacy,64.16,2026-08-22T11:00:00,evening,Dammam,True,MOCK / SYNTHETIC DEMO DATA — SAUDI MARKET
syn_txn_000439,user_falcon,shawarmer,restaurant,35.27,2026-08-22T19:00:00,evening,Riyadh,False,MOCK / SYNTHETIC DEMO DATA — SAUDI MARKET
syn_txn_000441,user_falcon,dose,coffee,22.86,2026-08-25T20:00:00,morning,Khobar,False,MOCK / SYNTHETIC DEMO DATA — SAUDI MARKET
syn_txn_000442,user_redsea,barns,coffee,23.82,2026-08-27T15:00:00,morning,Jeddah,False,MOCK / SYNTHETIC DEMO DATA — SAUDI MARKET
syn_txn_000443,user_redsea,panda,grocery,149.06,2026-08-29T13:00:00,afternoon,Jeddah,True,MOCK / SYNTHETIC DEMO DATA — SAUDI MARKET
syn_txn_000444,user_najd,jarir,retail,288.23,2026-09-05T13:00:00,afternoon,Riyadh,False,MOCK / SYNTHETIC DEMO DATA — SAUDI MARKET
syn_txn_000445,user_redsea,panda,grocery,165.8,2026-09-16T11:00:00,afternoon,Jeddah,True,MOCK / SYNTHETIC DEMO DATA — SAUDI MARKET
