"campaign_id","merchant_id","occasion","start_date","end_date","duration_days","discount_pct","city","source_label"
"syn_campaign_00001","barns","founding_day","2022-01-06","2022-01-10","4","11","Jeddah","MOCK / SYNTHETIC DEMO DATA — SAUDI MARKET"
"syn_campaign_00002","camel_step","founding_day","2022-01-04","2022-01-07","3","19","Riyadh","MOCK / SYNTHETIC DEMO DATA — SAUDI MARKET"
"syn_campaign_00003","dose","founding_day","2022-01-06","2022-01-14","8","23","Khobar","MOCK / SYNTHETIC DEMO DATA — SAUDI MARKET"
"syn_campaign_00004","herfy","founding_day","2022-01-08","2022-01-12","4","18","Riyadh","MOCK / SYNTHETIC DEMO DATA — SAUDI MARKET"
"syn_campaign_00005","maestro","founding_day","2022-01-03","2022-01-11","8","24","Riyadh","MOCK / SYNTHETIC DEMO DATA — SAUDI MARKET"
"syn_campaign_00006","kudu","founding_day","2022-01-04","2022-01-10","6","16","Riyadh","MOCK / SYNTHETIC DEMO DATA — SAUDI MARKET"
"syn_campaign_00007","jarir","founding_day","2022-01-03","2022-01-10","7","13","Riyadh","MOCK / SYNTHETIC DEMO DATA — SAUDI MARKET"
"syn_campaign_00008","extra","founding_day","2022-01-07","2022-01-10","3","16","Khobar","MOCK / SYNTHETIC DEMO DATA — SAUDI MARKET"
"syn_campaign_00009","noon_saudi","founding_day","2022-01-06","2022-01-09","3","17","Riyadh","MOCK / SYNTHETIC DEMO DATA — SAUDI MARKET"
"syn_campaign_00010","saudia","founding_day","2022-01-03","2022-01-06","3","10","Jeddah","MOCK / SYNTHETIC DEMO DATA — SAUDI MARKET"
"syn_campaign_00011","danube","founding_day","2022-01-06","2022-01-11","5","5","Jeddah","MOCK / SYNTHETIC DEMO DATA — SAUDI MARKET"
"syn_campaign_00012","half_million","founding_day","2022-01-13","2022-01-18","5","11","Riyadh","MOCK / SYNTHETIC DEMO DATA — SAUDI MARKET"
"syn_campaign_00013","camel_step","founding_day","2022-01-10","2022-01-14","4","10","Riyadh","MOCK / SYNTHETIC DEMO DATA — SAUDI MARKET"
"syn_campaign_00014","shawarmer","founding_day","2022-01-11","2022-01-16","5","16","Riyadh","MOCK / SYNTHETIC DEMO DATA — SAUDI MARKET"
"syn_campaign_00015","noon_saudi","founding_day","2022-01-10","2022-01-16","6","23","Riyadh","MOCK / SYNTHETIC DEMO DATA — SAUDI MARKET"
"syn_campaign_00016","hungerstation","founding_day","2022-01-11","2022-01-16","5","11","Riyadh","MOCK / SYNTHETIC DEMO DATA — SAUDI MARKET"
"syn_campaign_00017","panda","founding_day","2022-01-11","2022-01-14","3","17","Jeddah","MOCK / SYNTHETIC DEMO DATA — SAUDI MARKET"
"syn_campaign_00018","barns","founding_day","2022-01-19","2022-01-22","3","14","Jeddah","MOCK / SYNTHETIC DEMO DATA — SAUDI MARKET"
"syn_campaign_00019","herfy","founding_day","2022-01-19","2022-01-26","7","19","Riyadh","MOCK / SYNTHETIC DEMO DATA — SAUDI MARKET"
"syn_campaign_00020","jarir","founding_day","2022-01-18","2022-01-23","5","14","Riyadh","MOCK / SYNTHETIC DEMO DATA — SAUDI MARKET"
"syn_campaign_00021","extra","founding_day","2022-01-20","2022-01-27","7","9","Khobar","MOCK / SYNTHETIC DEMO DATA — SAUDI MARKET"
"syn_campaign_00022","noon_saudi","founding_day","2022-01-18","2022-01-21","3","25","Riyadh","MOCK / SYNTHETIC DEMO DATA — SAUDI MARKET"
"syn_campaign_00023","flynas","founding_day","2022-01-18","2022-01-26","8","12","Riyadh","MOCK / SYNTHETIC DEMO DATA — SAUDI MARKET"
"syn_campaign_00024","hungerstation","founding_day","2022-01-21","2022-01-25","4","18","Riyadh","MOCK / SYNTHETIC DEMO DATA — SAUDI MARKET"
"syn_campaign_00025","danube","founding_day","2022-01-18","2022-01-20","2","19","Jeddah","MOCK / SYNTHETIC DEMO DATA — SAUDI MARKET"
"syn_campaign_00026","nahdi","founding_day","2022-01-17","2022-01-19","2","6","Jeddah","MOCK / SYNTHETIC DEMO DATA — SAUDI MARKET"
"syn_campaign_00027","half_million","founding_day","2022-01-27","2022-02-02","6","20","Riyadh","MOCK / SYNTHETIC DEMO DATA — SAUDI MARKET"
"syn_campaign_00028","albaik","founding_day","2022-01-26","2022-02-02","7","13","Jeddah","MOCK / SYNTHETIC DEMO DATA — SAUDI MARKET"
"syn_campaign_00029","maestro","founding_day","2022-01-26","2022-01-30","4","17","Riyadh","MOCK / SYNTHETIC DEMO DATA — SAUDI MARKET"
"syn_campaign_00030","al_romansiah","founding_day","2022-01-27","2022-02-01","5","16","Riyadh","MOCK / SYNTHETIC DEMO DATA — SAUDI MARKET"
"syn_campaign_00031","saudia","founding_day","2022-01-24","2022-01-27","3","6","Jeddah","MOCK / SYNTHETIC DEMO DATA — SAUDI MARKET"
"syn_campaign_00032","al_dawaa","founding_day","2022-01-26","2022-01-29","3","7","Dammam","MOCK / SYNTHETIC DEMO DATA — SAUDI MARKET"
"syn_campaign_00033","half_million","founding_day","2022-02-04","2022-02-11","7","19","Riyadh","MOCK / SYNTHETIC DEMO DATA — SAUDI MARKET"
"syn_campaign_00034","barns","founding_day","2022-02-04","2022-02-10","6","20","Jeddah","MOCK / SYNTHETIC DEMO DATA — SAUDI MARKET"
"syn_campaign_00035","dose","founding_day","2022-02-01","2022-02-03","2","29","Khobar","MOCK / SYNTHETIC DEMO DATA — SAUDI MARKET"
"syn_campaign_00036","herfy","founding_day","2022-02-02","2022-02-04","2","17","Riyadh","MOCK / SYNTHETIC DEMO DATA — SAUDI MARKET"
"syn_campaign_00037","maestro","founding_day","2022-02-04","2022-02-08","4","28","Riyadh","MOCK / SYNTHETIC DEMO DATA — SAUDI MARKET"
"syn_campaign_00038","kudu","founding_day","2022-02-03","2022-02-11","8","14","Riyadh","MOCK / SYNTHETIC DEMO DATA — SAUDI MARKET"
"syn_campaign_00039","extra","founding_day","2022-02-03","2022-02-08","5","24","Khobar","MOCK / SYNTHETIC DEMO DATA — SAUDI MARKET"
"syn_campaign_00040","noon_saudi","founding_day","2022-01-31","2022-02-08","8","28","Riyadh","MOCK / SYNTHETIC DEMO DATA — SAUDI MARKET"
"syn_campaign_00041","flynas","founding_day","2022-02-03","2022-02-09","6","22","Riyadh","MOCK / SYNTHETIC DEMO DATA — SAUDI MARKET"
"syn_campaign_00042","panda","founding_day","2022-02-01","2022-02-08","7","15","Jeddah","MOCK / SYNTHETIC DEMO DATA — SAUDI MARKET"
"syn_campaign_00043","al_dawaa","founding_day","2022-01-31","2022-02-02","2","16","Dammam","MOCK / SYNTHETIC DEMO DATA — SAUDI MARKET"
"syn_campaign_00044","nahdi","founding_day","2022-02-03","2022-02-05","2","13","Jeddah","MOCK / SYNTHETIC DEMO DATA — SAUDI MARKET"
"syn_campaign_00045","barns","founding_day","2022-02-07","2022-02-10","3","19","Jeddah","MOCK / SYNTHETIC DEMO DATA — SAUDI MARKET"
"syn_campaign_00046","herfy","founding_day","2022-02-12","2022-02-19","7","21","Riyadh","MOCK / SYNTHETIC DEMO DATA — SAUDI MARKET"
"syn_campaign_00047","maestro","founding_day","2022-02-12","2022-02-19","7","35","Riyadh","MOCK / SYNTHETIC DEMO DATA — SAUDI MARKET"
"syn_campaign_00048","kudu","founding_day","2022-02-09","2022-02-14","5","19","Riyadh","MOCK / SYNTHETIC DEMO DATA — SAUDI MARKET"
"syn_campaign_00049","al_romansiah","founding_day","2022-02-09","2022-02-16","7","23","Riyadh","MOCK / SYNTHETIC DEMO DATA — SAUDI MARKET"
"syn_campaign_00050","jarir","founding_day","2022-02-10","2022-02-17","7","12","Riyadh","MOCK / SYNTHETIC DEMO DATA — SAUDI MARKET"
"syn_campaign_00051","extra","founding_day","2022-02-09","2022-02-11","2","15","Khobar","MOCK / SYNTHETIC DEMO DATA — SAUDI MARKET"
"syn_campaign_00052","hungerstation","founding_day","2022-02-08","2022-02-12","4","22","Riyadh","MOCK / SYNTHETIC DEMO DATA — SAUDI MARKET"
"syn_campaign_00053","half_million","founding_day","2022-02-17","2022-02-23","6","25","Riyadh","MOCK / SYNTHETIC DEMO DATA — SAUDI MARKET"
"syn_campaign_00054","barns","founding_day","2022-02-18","2022-02-26","8","25","Jeddah","MOCK / SYNTHETIC DEMO DATA — SAUDI MARKET"
"syn_campaign_00055","dose","founding_day","2022-02-19","2022-02-25","6","24","Khobar","MOCK / SYNTHETIC DEMO DATA — SAUDI MARKET"
"syn_campaign_00056","albaik","founding_day","2022-02-17","2022-02-24","7","25","Jeddah","MOCK / SYNTHETIC DEMO DATA — SAUDI MARKET"
"syn_campaign_00057","herfy","founding_day","2022-02-19","2022-02-23","4","24","Riyadh","MOCK / SYNTHETIC DEMO DATA — SAUDI MARKET"
"syn_campaign_00058","extra","founding_day","2022-02-14","2022-02-16","2","15","Khobar","MOCK / SYNTHETIC DEMO DATA — SAUDI MARKET"
"syn_campaign_00059","noon_saudi","founding_day","2022-02-18","2022-02-23","5","29","Riyadh","MOCK / SYNTHETIC DEMO DATA — SAUDI MARKET"
"syn_campaign_00060","saudia","founding_day","2022-02-18","2022-02-24","6","19","Jeddah","MOCK / SYNTHETIC DEMO DATA — SAUDI MARKET"
"syn_campaign_00061","hungerstation","founding_day","2022-02-16","2022-02-19","3","17","Riyadh","MOCK / SYNTHETIC DEMO DATA — SAUDI MARKET"
"syn_campaign_00062","panda","founding_day","2022-02-17","2022-02-22","5","15","Jeddah","MOCK / SYNTHETIC DEMO DATA — SAUDI MARKET"
"syn_campaign_00063","danube","founding_day","2022-02-19","2022-02-23","4","24","Jeddah","MOCK / SYNTHETIC DEMO DATA — SAUDI MARKET"
"syn_campaign_00064","al_dawaa","founding_day","2022-02-16","2022-02-23","7","9","Dammam","MOCK / SYNTHETIC DEMO DATA — SAUDI MARKET"
"syn_campaign_00065","nahdi","founding_day","2022-02-17","2022-02-23","6","12","Jeddah","MOCK / SYNTHETIC DEMO DATA — SAUDI MARKET"
"syn_campaign_00066","barns","founding_day","2022-02-25","2022-03-02","5","21","Jeddah","MOCK / SYNTHETIC DEMO DATA — SAUDI MARKET"
"syn_campaign_00067","camel_step","founding_day","2022-02-25","2022-03-03","6","25","Riyadh","MOCK / SYNTHETIC DEMO DATA — SAUDI MARKET"
"syn_campaign_00068","dose","founding_day","2022-02-24","2022-03-03","7","20","Khobar","MOCK / SYNTHETIC DEMO DATA — SAUDI MARKET"
"syn_campaign_00069","herfy","founding_day","2022-02-24","2022-03-01","5","25","Riyadh","MOCK / SYNTHETIC DEMO DATA — SAUDI MARKET"
"syn_campaign_00070","shawarmer","founding_day","2022-02-26","2022-02-28","2","27","Riyadh","MOCK / SYNTHETIC DEMO DATA — SAUDI MARKET"
"syn_campaign_00071","kudu","founding_day","2022-02-23","2022-02-26","3","21","Riyadh","MOCK / SYNTHETIC DEMO DATA — SAUDI MARKET"
"syn_campaign_00072","jarir","founding_day","2022-02-25","2022-02-28","3","17","Riyadh","MOCK / SYNTHETIC DEMO DATA — SAUDI MARKET"
"syn_campaign_00073","noon_saudi","founding_day","2022-02-26","2022-03-04","6","22","Riyadh","MOCK / SYNTHETIC DEMO DATA — SAUDI MARKET"
"syn_campaign_00074","flynas","founding_day","2022-02-24","2022-03-01","5","25","Riyadh","MOCK / SYNTHETIC DEMO DATA — SAUDI MARKET"
"syn_campaign_00075","saudia","founding_day","2022-02-23","2022-02-26","3","5","Jeddah","MOCK / SYNTHETIC DEMO DATA — SAUDI MARKET"
"syn_campaign_00076","hungerstation","founding_day","2022-02-23","2022-03-03","8","18","Riyadh","MOCK / SYNTHETIC DEMO DATA — SAUDI MARKET"
"syn_campaign_00077","panda","founding_day","2022-02-23","2022-02-26","3","15","Jeddah","MOCK / SYNTHETIC DEMO DATA — SAUDI MARKET"
"syn_campaign_00078","al_dawaa","founding_day","2022-02-24","2022-03-01","5","8","Dammam","MOCK / SYNTHETIC DEMO DATA — SAUDI MARKET"
"syn_campaign_00079","nahdi","founding_day","2022-02-25","2022-03-05","8","17","Jeddah","MOCK / SYNTHETIC DEMO DATA — SAUDI MARKET"
"syn_campaign_00080","herfy","ramadan","2022-03-03","2022-03-08","5","15","Riyadh","MOCK / SYNTHETIC DEMO DATA — SAUDI MARKET"
"syn_campaign_00081","maestro","ramadan","2022-03-04","2022-03-09","5","20","Riyadh","MOCK / SYNTHETIC DEMO DATA — SAUDI MARKET"
"syn_campaign_00082","al_romansiah","ramadan","2022-03-01","2022-03-04","3","15","Riyadh","MOCK / SYNTHETIC DEMO DATA — SAUDI MARKET"
"syn_campaign_00083","extra","ramadan","2022-03-01","2022-03-07","6","10","Khobar","MOCK / SYNTHETIC DEMO DATA — SAUDI MARKET"
"syn_campaign_00084","noon_saudi","ramadan","2022-03-01","2022-03-03","2","19","Riyadh","MOCK / SYNTHETIC DEMO DATA — SAUDI MARKET"
"syn_campaign_00085","saudia","ramadan","2022-02-28","2022-03-06","6","19","Jeddah","MOCK / SYNTHETIC DEMO DATA — SAUDI MARKET"
"syn_campaign_00086","hungerstation","ramadan","2022-03-01","2022-03-04","3","25","Riyadh","MOCK / SYNTHETIC DEMO DATA — SAUDI MARKET"
"syn_campaign_00087","danube","ramadan","2022-03-04","2022-03-12","8","5","Jeddah","MOCK / SYNTHETIC DEMO DATA — SAUDI MARKET"
"syn_campaign_00088","half_million","ramadan","2022-03-11","2022-03-14","3","20","Riyadh","MOCK / SYNTHETIC DEMO DATA — SAUDI MARKET"
"syn_campaign_00089","camel_step","ramadan","2022-03-11","2022-03-18","7","20","Riyadh","MOCK / SYNTHETIC DEMO DATA — SAUDI MARKET"
"syn_campaign_00090","albaik","ramadan","2022-03-10","2022-03-13","3","9","Jeddah","MOCK / SYNTHETIC DEMO DATA — SAUDI MARKET"
"syn_campaign_00091","saudia","ramadan","2022-03-10","2022-03-16","6","17","Jeddah","MOCK / SYNTHETIC DEMO DATA — SAUDI MARKET"
"syn_campaign_00092","hungerstation","ramadan","2022-03-11","2022-03-16","5","9","Riyadh","MOCK / SYNTHETIC DEMO DATA — SAUDI MARKET"
"syn_campaign_00093","panda","ramadan","2022-03-10","2022-03-14","4","9","Jeddah","MOCK / SYNTHETIC DEMO DATA — SAUDI MARKET"
"syn_campaign_00094","half_million","ramadan","2022-03-17","2022-03-23","6","24","Riyadh","MOCK / SYNTHETIC DEMO DATA — SAUDI MARKET"
"syn_campaign_00095","barns","ramadan","2022-03-16","2022-03-21","5","24","Jeddah","MOCK / SYNTHETIC DEMO DATA — SAUDI MARKET"
"syn_campaign_00096","dose","ramadan","2022-03-15","2022-03-19","4","19","Khobar","MOCK / SYNTHETIC DEMO DATA — SAUDI MARKET"
"syn_campaign_00097","albaik","ramadan","2022-03-15","2022-03-20","5","11","Jeddah","MOCK / SYNTHETIC DEMO DATA — SAUDI MARKET"
"syn_campaign_00098","shawarmer","ramadan","2022-03-15","2022-03-21","6","26","Riyadh","MOCK / SYNTHETIC DEMO DATA — SAUDI MARKET"
"syn_campaign_00099","kudu","ramadan","2022-03-14","2022-03-16","2","25","Riyadh","MOCK / SYNTHETIC DEMO DATA — SAUDI MARKET"
"syn_campaign_00100","al_romansiah","ramadan","2022-03-17","2022-03-22","5","19","Riyadh","MOCK / SYNTHETIC DEMO DATA — SAUDI MARKET"
"syn_campaign_00101","hungerstation","ramadan","2022-03-16","2022-03-19","3","16","Riyadh","MOCK / SYNTHETIC DEMO DATA — SAUDI MARKET"
"syn_campaign_00102","panda","ramadan","2022-03-14","2022-03-19","5","20","Jeddah","MOCK / SYNTHETIC DEMO DATA — SAUDI MARKET"
"syn_campaign_00103","danube","ramadan","2022-03-14","2022-03-22","8","14","Jeddah","MOCK / SYNTHETIC DEMO DATA — SAUDI MARKET"
"syn_campaign_00104","al_dawaa","ramadan","2022-03-15","2022-03-18","3","10","Dammam","MOCK / SYNTHETIC DEMO DATA — SAUDI MARKET"
"syn_campaign_00105","nahdi","ramadan","2022-03-15","2022-03-23","8","20","Jeddah","MOCK / SYNTHETIC DEMO DATA — SAUDI MARKET"
"syn_campaign_00106","half_million","ramadan","2022-03-25","2022-03-31","6","29","Riyadh","MOCK / SYNTHETIC DEMO DATA — SAUDI MARKET"
"syn_campaign_00107","herfy","ramadan","2022-03-22","2022-03-24","2","21","Riyadh","MOCK / SYNTHETIC DEMO DATA — SAUDI MARKET"
"syn_campaign_00108","shawarmer","ramadan","2022-03-23","2022-03-27","4","23","Riyadh","MOCK / SYNTHETIC DEMO DATA — SAUDI MARKET"
"syn_campaign_00109","al_romansiah","ramadan","2022-03-22","2022-03-30","8","26","Riyadh","MOCK / SYNTHETIC DEMO DATA — SAUDI MARKET"
"syn_campaign_00110","jarir","ramadan","2022-03-21","2022-03-25","4","17","Riyadh","MOCK / SYNTHETIC DEMO DATA — SAUDI MARKET"
"syn_campaign_00111","extra","ramadan","2022-03-22","2022-03-30","8","30","Khobar","MOCK / SYNTHETIC DEMO DATA — SAUDI MARKET"
"syn_campaign_00112","flynas","ramadan","2022-03-25","2022-03-28","3","31","Riyadh","MOCK / SYNTHETIC DEMO DATA — SAUDI MARKET"
"syn_campaign_00113","saudia","ramadan","2022-03-22","2022-03-27","5","6","Jeddah","MOCK / SYNTHETIC DEMO DATA — SAUDI MARKET"
"syn_campaign_00114","panda","ramadan","2022-03-25","2022-03-31","6","13","Jeddah","MOCK / SYNTHETIC DEMO DATA — SAUDI MARKET"
"syn_campaign_00115","al_dawaa","ramadan","2022-03-24","2022-03-28","4","18","Dammam","MOCK / SYNTHETIC DEMO DATA — SAUDI MARKET"
"syn_campaign_00116","nahdi","ramadan","2022-03-25","2022-04-01","7","14","Jeddah","MOCK / SYNTHETIC DEMO DATA — SAUDI MARKET"
"syn_campaign_00117","half_million","ramadan","2022-03-31","2022-04-05","5","23","Riyadh","MOCK / SYNTHETIC DEMO DATA — SAUDI MARKET"
"syn_campaign_00118","dose","ramadan","2022-03-29","2022-04-01","3","31","Khobar","MOCK / SYNTHETIC DEMO DATA — SAUDI MARKET"
"syn_campaign_00119","albaik","ramadan","2022-03-31","2022-04-06","6","14","Jeddah","MOCK / SYNTHETIC DEMO DATA — SAUDI MARKET"
"syn_campaign_00120","herfy","ramadan","2022-04-02","2022-04-10","8","10","Riyadh","MOCK / SYNTHETIC DEMO DATA — SAUDI MARKET"
"syn_campaign_00121","shawarmer","ramadan","2022-03-29","2022-04-02","4","27","Riyadh","MOCK / SYNTHETIC DEMO DATA — SAUDI MARKET"
"syn_campaign_00122","jarir","ramadan","2022-03-28","2022-04-04","7","14","Riyadh","MOCK / SYNTHETIC DEMO DATA — SAUDI MARKET"
"syn_campaign_00123","extra","ramadan","2022-03-29","2022-04-03","5","17","Khobar","MOCK / SYNTHETIC DEMO DATA — SAUDI MARKET"
"syn_campaign_00124","noon_saudi","ramadan","2022-04-01","2022-04-04","3","24","Riyadh","MOCK / SYNTHETIC DEMO DATA — SAUDI MARKET"
"syn_campaign_00125","flynas","ramadan","2022-03-29","2022-04-05","7","22","Riyadh","MOCK / SYNTHETIC DEMO DATA — SAUDI MARKET"
"syn_campaign_00126","saudia","ramadan","2022-03-29","2022-04-01","3","14","Jeddah","MOCK / SYNTHETIC DEMO DATA — SAUDI MARKET"
"syn_campaign_00127","hungerstation","ramadan","2022-03-31","2022-04-08","8","25","Riyadh","MOCK / SYNTHETIC DEMO DATA — SAUDI MARKET"
"syn_campaign_00128","danube","ramadan","2022-03-29","2022-03-31","2","20","Jeddah","MOCK / SYNTHETIC DEMO DATA — SAUDI MARKET"
"syn_campaign_00129","al_dawaa","ramadan","2022-03-28","2022-04-02","5","11","Dammam","MOCK / SYNTHETIC DEMO DATA — SAUDI MARKET"
"syn_campaign_00130","nahdi","ramadan","2022-03-30","2022-04-03","4","18","Jeddah","MOCK / SYNTHETIC DEMO DATA — SAUDI MARKET"
"syn_campaign_00131","albaik","ramadan","2022-04-05","2022-04-09","4","24","Jeddah","MOCK / SYNTHETIC DEMO DATA — SAUDI MARKET"
"syn_campaign_00132","shawarmer","ramadan","2022-04-06","2022-04-12","6","24","Riyadh","MOCK / SYNTHETIC DEMO DATA — SAUDI MARKET"
"syn_campaign_00133","maestro","ramadan","2022-04-08","2022-04-11","3","32","Riyadh","MOCK / SYNTHETIC DEMO DATA — SAUDI MARKET"
"syn_campaign_00134","kudu","ramadan","2022-04-08","2022-04-13","5","20","Riyadh","MOCK / SYNTHETIC DEMO DATA — SAUDI MARKET"
"syn_campaign_00135","al_romansiah","ramadan","2022-04-05","2022-04-12","7","16","Riyadh","MOCK / SYNTHETIC DEMO DATA — SAUDI MARKET"
"syn_campaign_00136","jarir","ramadan","2022-04-05","2022-04-10","5","17","Riyadh","MOCK / SYNTHETIC DEMO DATA — SAUDI MARKET"
"syn_campaign_00137","noon_saudi","ramadan","2022-04-05","2022-04-10","5","32","Riyadh","MOCK / SYNTHETIC DEMO DATA — SAUDI MARKET"
"syn_campaign_00138","hungerstation","ramadan","2022-04-04","2022-04-12","8","17","Riyadh","MOCK / SYNTHETIC DEMO DATA — SAUDI MARKET"
"syn_campaign_00139","panda","ramadan","2022-04-09","2022-04-13","4","12","Jeddah","MOCK / SYNTHETIC DEMO DATA — SAUDI MARKET"
"syn_campaign_00140","al_dawaa","ramadan","2022-04-04","2022-04-11","7","22","Dammam","MOCK / SYNTHETIC DEMO DATA — SAUDI MARKET"
"syn_campaign_00141","nahdi","ramadan","2022-04-06","2022-04-14","8","13","Jeddah","MOCK / SYNTHETIC DEMO DATA — SAUDI MARKET"
"syn_campaign_00142","barns","eid_fitr","2022-04-15","2022-04-23","8","28","Jeddah","MOCK / SYNTHETIC DEMO DATA — SAUDI MARKET"
"syn_campaign_00143","camel_step","eid_fitr","2022-04-15","2022-04-20","5","29","Riyadh","MOCK / SYNTHETIC DEMO DATA — SAUDI MARKET"
"syn_campaign_00144","dose","eid_fitr","2022-04-11","2022-04-18","7","27","Khobar","MOCK / SYNTHETIC DEMO DATA — SAUDI MARKET"
"syn_campaign_00145","albaik","eid_fitr","2022-04-15","2022-04-18","3","17","Jeddah","MOCK / SYNTHETIC DEMO DATA — SAUDI MARKET"
"syn_campaign_00146","herfy","eid_fitr","2022-04-11","2022-04-15","4","22","Riyadh","MOCK / SYNTHETIC DEMO DATA — SAUDI MARKET"
"syn_campaign_00147","kudu","eid_fitr","2022-04-13","2022-04-19","6","19","Riyadh","MOCK / SYNTHETIC DEMO DATA — SAUDI MARKET"
"syn_campaign_00148","extra","eid_fitr","2022-04-13","2022-04-19","6","11","Khobar","MOCK / SYNTHETIC DEMO DATA — SAUDI MARKET"
"syn_campaign_00149","noon_saudi","eid_fitr","2022-04-11","2022-04-18","7","25","Riyadh","MOCK / SYNTHETIC DEMO DATA — SAUDI MARKET"
"syn_campaign_00150","flynas","eid_fitr","2022-04-12","2022-04-15","3","25","Riyadh","MOCK / SYNTHETIC DEMO DATA — SAUDI MARKET"
"syn_campaign_00151","hungerstation","eid_fitr","2022-04-15","2022-04-22","7","28","Riyadh","MOCK / SYNTHETIC DEMO DATA — SAUDI MARKET"
"syn_campaign_00152","al_dawaa","eid_fitr","2022-04-12","2022-04-16","4","16","Dammam","MOCK / SYNTHETIC DEMO DATA — SAUDI MARKET"
"syn_campaign_00153","barns","eid_fitr","2022-04-18","2022-04-23","5","20","Jeddah","MOCK / SYNTHETIC DEMO DATA — SAUDI MARKET"
"syn_campaign_00154","herfy","eid_fitr","2022-04-20","2022-04-24","4","24","Riyadh","MOCK / SYNTHETIC DEMO DATA — SAUDI MARKET"
"syn_campaign_00155","al_romansiah","eid_fitr","2022-04-21","2022-04-23","2","27","Riyadh","MOCK / SYNTHETIC DEMO DATA — SAUDI MARKET"
"syn_campaign_00156","extra","eid_fitr","2022-04-19","2022-04-26","7","20","Khobar","MOCK / SYNTHETIC DEMO DATA — SAUDI MARKET"
"syn_campaign_00157","flynas","eid_fitr","2022-04-22","2022-04-25","3","27","Riyadh","MOCK / SYNTHETIC DEMO DATA — SAUDI MARKET"
"syn_campaign_00158","saudia","eid_fitr","2022-04-20","2022-04-22","2","22","Jeddah","MOCK / SYNTHETIC DEMO DATA — SAUDI MARKET"
"syn_campaign_00159","hungerstation","eid_fitr","2022-04-21","2022-04-27","6","20","Riyadh","MOCK / SYNTHETIC DEMO DATA — SAUDI MARKET"
"syn_campaign_00160","panda","eid_fitr","2022-04-19","2022-04-26","7","21","Jeddah","MOCK / SYNTHETIC DEMO DATA — SAUDI MARKET"
"syn_campaign_00161","barns","eid_fitr","2022-04-26","2022-05-04","8","21","Jeddah","MOCK / SYNTHETIC DEMO DATA — SAUDI MARKET"
"syn_campaign_00162","shawarmer","eid_fitr","2022-04-28","2022-05-04","6","20","Riyadh","MOCK / SYNTHETIC DEMO DATA — SAUDI MARKET"
"syn_campaign_00163","maestro","eid_fitr","2022-04-25","2022-04-30","5","27","Riyadh","MOCK / SYNTHETIC DEMO DATA — SAUDI MARKET"
"syn_campaign_00164","al_romansiah","eid_fitr","2022-04-29","2022-05-05","6","19","Riyadh","MOCK / SYNTHETIC DEMO DATA — SAUDI MARKET"
"syn_campaign_00165","jarir","eid_fitr","2022-04-29","2022-05-07","8","6","Riyadh","MOCK / SYNTHETIC DEMO DATA — SAUDI MARKET"
"syn_campaign_00166","noon_saudi","eid_fitr","2022-04-28","2022-05-03","5","27","Riyadh","MOCK / SYNTHETIC DEMO DATA — SAUDI MARKET"
"syn_campaign_00167","saudia","eid_fitr","2022-04-29","2022-05-05","6","15","Jeddah","MOCK / SYNTHETIC DEMO DATA — SAUDI MARKET"
"syn_campaign_00168","half_million","eid_fitr","2022-05-06","2022-05-12","6","30","Riyadh","MOCK / SYNTHETIC DEMO DATA — SAUDI MARKET"
"syn_campaign_00169","barns","eid_fitr","2022-05-03","2022-05-08","5","26","Jeddah","MOCK / SYNTHETIC DEMO DATA — SAUDI MARKET"
"syn_campaign_00170","camel_step","eid_fitr","2022-05-02","2022-05-09","7","23","Riyadh","MOCK / SYNTHETIC DEMO DATA — SAUDI MARKET"
"syn_campaign_00171","herfy","eid_fitr","2022-05-06","2022-05-11","5","31","Riyadh","MOCK / SYNTHETIC DEMO DATA — SAUDI MARKET"
"syn_campaign_00172","noon_saudi","eid_fitr","2022-05-03","2022-05-09","6","22","Riyadh","MOCK / SYNTHETIC DEMO DATA — SAUDI MARKET"
"syn_campaign_00173","saudia","eid_fitr","2022-05-02","2022-05-06","4","14","Jeddah","MOCK / SYNTHETIC DEMO DATA — SAUDI MARKET"
"syn_campaign_00174","nahdi","eid_fitr","2022-05-06","2022-05-09","3","23","Jeddah","MOCK / SYNTHETIC DEMO DATA — SAUDI MARKET"
"syn_campaign_00175","albaik","eid_adha","2022-05-12","2022-05-17","5","13","Jeddah","MOCK / SYNTHETIC DEMO DATA — SAUDI MARKET"
"syn_campaign_00176","jarir","eid_adha","2022-05-12","2022-05-20","8","6","Riyadh","MOCK / SYNTHETIC DEMO DATA — SAUDI MARKET"
"syn_campaign_00177","extra","eid_adha","2022-05-11","2022-05-14","3","20","Khobar","MOCK / SYNTHETIC DEMO DATA — SAUDI MARKET"
"syn_campaign_00178","hungerstation","eid_adha","2022-05-12","2022-05-15","3","23","Riyadh","MOCK / SYNTHETIC DEMO DATA — SAUDI MARKET"
"syn_campaign_00179","barns","eid_adha","2022-05-16","2022-05-18","2","22","Jeddah","MOCK / SYNTHETIC DEMO DATA — SAUDI MARKET"
"syn_campaign_00180","camel_step","eid_adha","2022-05-20","2022-05-27","7","21","Riyadh","MOCK / SYNTHETIC DEMO DATA — SAUDI MARKET"
"syn_campaign_00181","al_romansiah","eid_adha","2022-05-21","2022-05-29","8","16","Riyadh","MOCK / SYNTHETIC DEMO DATA — SAUDI MARKET"
"syn_campaign_00182","flynas","eid_adha","2022-05-19","2022-05-26","7","19","Riyadh","MOCK / SYNTHETIC DEMO DATA — SAUDI MARKET"
"syn_campaign_00183","danube","eid_adha","2022-05-16","2022-05-19","3","8","Jeddah","MOCK / SYNTHETIC DEMO DATA — SAUDI MARKET"
"syn_campaign_00184","al_dawaa","eid_adha","2022-05-18","2022-05-23","5","15","Dammam","MOCK / SYNTHETIC DEMO DATA — SAUDI MARKET"
"syn_campaign_00185","dose","eid_adha","2022-05-25","2022-05-30","5","13","Khobar","MOCK / SYNTHETIC DEMO DATA — SAUDI MARKET"
"syn_campaign_00186","shawarmer","eid_adha","2022-05-23","2022-05-29","6","26","Riyadh","MOCK / SYNTHETIC DEMO DATA — SAUDI MARKET"
"syn_campaign_00187","maestro","eid_adha","2022-05-24","2022-05-30","6","29","Riyadh","MOCK / SYNTHETIC DEMO DATA — SAUDI MARKET"
"syn_campaign_00188","kudu","eid_adha","2022-05-28","2022-06-04","7","22","Riyadh","MOCK / SYNTHETIC DEMO DATA — SAUDI MARKET"
"syn_campaign_00189","extra","eid_adha","2022-05-25","2022-05-27","2","5","Khobar","MOCK / SYNTHETIC DEMO DATA — SAUDI MARKET"
"syn_campaign_00190","saudia","eid_adha","2022-05-26","2022-05-30","4","11","Jeddah","MOCK / SYNTHETIC DEMO DATA — SAUDI MARKET"
"syn_campaign_00191","panda","eid_adha","2022-05-27","2022-06-04","8","12","Jeddah","MOCK / SYNTHETIC DEMO DATA — SAUDI MARKET"
"syn_campaign_00192","half_million","eid_adha","2022-06-01","2022-06-09","8","18","Riyadh","MOCK / SYNTHETIC DEMO DATA — SAUDI MARKET"
"syn_campaign_00193","barns","eid_adha","2022-06-01","2022-06-03","2","22","Jeddah","MOCK / SYNTHETIC DEMO DATA — SAUDI MARKET"
"syn_campaign_00194","camel_step","eid_adha","2022-06-01","2022-06-07","6","28","Riyadh","MOCK / SYNTHETIC DEMO DATA — SAUDI MARKET"
"syn_campaign_00195","jarir","eid_adha","2022-06-03","2022-06-10","7","12","Riyadh","MOCK / SYNTHETIC DEMO DATA — SAUDI MARKET"
"syn_campaign_00196","danube","eid_adha","2022-06-02","2022-06-08","6","8","Jeddah","MOCK / SYNTHETIC DEMO DATA — SAUDI MARKET"
"syn_campaign_00197","nahdi","eid_adha","2022-06-04","2022-06-07","3","9","Jeddah","MOCK / SYNTHETIC DEMO DATA — SAUDI MARKET"
"syn_campaign_00198","half_million","eid_adha","2022-06-06","2022-06-10","4","27","Riyadh","MOCK / SYNTHETIC DEMO DATA — SAUDI MARKET"
"syn_campaign_00199","albaik","eid_adha","2022-06-08","2022-06-16","8","15","Jeddah","MOCK / SYNTHETIC DEMO DATA — SAUDI MARKET"
"syn_campaign_00200","herfy","eid_adha","2022-06-06","2022-06-10","4","15","Riyadh","MOCK / SYNTHETIC DEMO DATA — SAUDI MARKET"
"syn_campaign_00201","kudu","eid_adha","2022-06-06","2022-06-13","7","12","Riyadh","MOCK / SYNTHETIC DEMO DATA — SAUDI MARKET"
"syn_campaign_00202","extra","eid_adha","2022-06-08","2022-06-16","8","7","Khobar","MOCK / SYNTHETIC DEMO DATA — SAUDI MARKET"
"syn_campaign_00203","noon_saudi","eid_adha","2022-06-09","2022-06-14","5","29","Riyadh","MOCK / SYNTHETIC DEMO DATA — SAUDI MARKET"
"syn_campaign_00204","flynas","eid_adha","2022-06-09","2022-06-15","6","21","Riyadh","MOCK / SYNTHETIC DEMO DATA — SAUDI MARKET"
"syn_campaign_00205","hungerstation","eid_adha","2022-06-08","2022-06-13","5","16","Riyadh","MOCK / SYNTHETIC DEMO DATA — SAUDI MARKET"
"syn_campaign_00206","nahdi","eid_adha","2022-06-06","2022-06-11","5","14","Jeddah","MOCK / SYNTHETIC DEMO DATA — SAUDI MARKET"
"syn_campaign_00207","kudu","eid_adha","2022-06-13","2022-06-18","5","24","Riyadh","MOCK / SYNTHETIC DEMO DATA — SAUDI MARKET"
"syn_campaign_00208","al_romansiah","eid_adha","2022-06-17","2022-06-24","7","12","Riyadh","MOCK / SYNTHETIC DEMO DATA — SAUDI MARKET"
"syn_campaign_00209","saudia","eid_adha","2022-06-15","2022-06-20","5","5","Jeddah","MOCK / SYNTHETIC DEMO DATA — SAUDI MARKET"
"syn_campaign_00210","nahdi","eid_adha","2022-06-16","2022-06-20","4","14","Jeddah","MOCK / SYNTHETIC DEMO DATA — SAUDI MARKET"
"syn_campaign_00211","barns","eid_adha","2022-06-21","2022-06-23","2","17","Jeddah","MOCK / SYNTHETIC DEMO DATA — SAUDI MARKET"
"syn_campaign_00212","albaik","eid_adha","2022-06-20","2022-06-23","3","16","Jeddah","MOCK / SYNTHETIC DEMO DATA — SAUDI MARKET"
"syn_campaign_00213","shawarmer","eid_adha","2022-06-20","2022-06-26","6","22","Riyadh","MOCK / SYNTHETIC DEMO DATA — SAUDI MARKET"
"syn_campaign_00214","maestro","eid_adha","2022-06-22","2022-06-28","6","28","Riyadh","MOCK / SYNTHETIC DEMO DATA — SAUDI MARKET"
"syn_campaign_00215","kudu","eid_adha","2022-06-21","2022-06-24","3","26","Riyadh","MOCK / SYNTHETIC DEMO DATA — SAUDI MARKET"
"syn_campaign_00216","saudia","eid_adha","2022-06-23","2022-06-25","2","20","Jeddah","MOCK / SYNTHETIC DEMO DATA — SAUDI MARKET"
"syn_campaign_00217","hungerstation","eid_adha","2022-06-25","2022-06-27","2","27","Riyadh","MOCK / SYNTHETIC DEMO DATA — SAUDI MARKET"
"syn_campaign_00218","al_dawaa","eid_adha","2022-06-20","2022-06-23","3","22","Dammam","MOCK / SYNTHETIC DEMO DATA — SAUDI MARKET"
"syn_campaign_00219","nahdi","eid_adha","2022-06-20","2022-06-23","3","21","Jeddah","MOCK / SYNTHETIC DEMO DATA — SAUDI MARKET"
"syn_campaign_00220","half_million","eid_adha","2022-06-27","2022-07-03","6","30","Riyadh","MOCK / SYNTHETIC DEMO DATA — SAUDI MARKET"
"syn_campaign_00221","camel_step","eid_adha","2022-07-01","2022-07-07","6","21","Riyadh","MOCK / SYNTHETIC DEMO DATA — SAUDI MARKET"
"syn_campaign_00222","dose","eid_adha","2022-06-29","2022-07-02","3","13","Khobar","MOCK / SYNTHETIC DEMO DATA — SAUDI MARKET"
"syn_campaign_00223","shawarmer","eid_adha","2022-06-27","2022-07-04","7","26","Riyadh","MOCK / SYNTHETIC DEMO DATA — SAUDI MARKET"
"syn_campaign_00224","maestro","eid_adha","2022-06-29","2022-07-01","2","23","Riyadh","MOCK / SYNTHETIC DEMO DATA — SAUDI MARKET"
"syn_campaign_00225","al_romansiah","eid_adha","2022-06-28","2022-07-04","6","20","Riyadh","MOCK / SYNTHETIC DEMO DATA — SAUDI MARKET"
"syn_campaign_00226","jarir","eid_adha","2022-06-27","2022-06-29","2","14","Riyadh","MOCK / SYNTHETIC DEMO DATA — SAUDI MARKET"
"syn_campaign_00227","flynas","eid_adha","2022-06-30","2022-07-08","8","21","Riyadh","MOCK / SYNTHETIC DEMO DATA — SAUDI MARKET"
"syn_campaign_00228","saudia","eid_adha","2022-06-29","2022-07-06","7","21","Jeddah","MOCK / SYNTHETIC DEMO DATA — SAUDI MARKET"
"syn_campaign_00229","hungerstation","eid_adha","2022-07-01","2022-07-05","4","16","Riyadh","MOCK / SYNTHETIC DEMO DATA — SAUDI MARKET"
"syn_campaign_00230","danube","eid_adha","2022-07-01","2022-07-09","8","12","Jeddah","MOCK / SYNTHETIC DEMO DATA — SAUDI MARKET"
"syn_campaign_00231","al_dawaa","eid_adha","2022-07-02","2022-07-08","6","15","Dammam","MOCK / SYNTHETIC DEMO DATA — SAUDI MARKET"
"syn_campaign_00232","nahdi","eid_adha","2022-06-28","2022-07-01","3","14","Jeddah","MOCK / SYNTHETIC DEMO DATA — SAUDI MARKET"
"syn_campaign_00233","barns","eid_adha","2022-07-09","2022-07-11","2","20","Jeddah","MOCK / SYNTHETIC DEMO DATA — SAUDI MARKET"
"syn_campaign_00234","dose","eid_adha","2022-07-07","2022-07-12","5","18","Khobar","MOCK / SYNTHETIC DEMO DATA — SAUDI MARKET"
"syn_campaign_00235","albaik","eid_adha","2022-07-06","2022-07-12","6","20","Jeddah","MOCK / SYNTHETIC DEMO DATA — SAUDI MARKET"
"syn_campaign_00236","herfy","eid_adha","2022-07-06","2022-07-14","8","23","Riyadh","MOCK / SYNTHETIC DEMO DATA — SAUDI MARKET"
"syn_campaign_00237","extra","eid_adha","2022-07-06","2022-07-14","8","17","Khobar","MOCK / SYNTHETIC DEMO DATA — SAUDI MARKET"
"syn_campaign_00238","noon_saudi","eid_adha","2022-07-08","2022-07-10","2","24","Riyadh","MOCK / SYNTHETIC DEMO DATA — SAUDI MARKET"
"syn_campaign_00239","hungerstation","eid_adha","2022-07-08","2022-07-12","4","24","Riyadh","MOCK / SYNTHETIC DEMO DATA — SAUDI MARKET"
"syn_campaign_00240","danube","eid_adha","2022-07-04","2022-07-08","4","15","Jeddah","MOCK / SYNTHETIC DEMO DATA — SAUDI MARKET"
"syn_campaign_00241","nahdi","eid_adha","2022-07-07","2022-07-09","2","18","Jeddah","MOCK / SYNTHETIC DEMO DATA — SAUDI MARKET"
"syn_campaign_00242","half_million","eid_adha","2022-07-15","2022-07-23","8","27","Riyadh","MOCK / SYNTHETIC DEMO DATA — SAUDI MARKET"
"syn_campaign_00243","camel_step","eid_adha","2022-07-13","2022-07-20","7","36","Riyadh","MOCK / SYNTHETIC DEMO DATA — SAUDI MARKET"
"syn_campaign_00244","albaik","eid_adha","2022-07-15","2022-07-17","2","18","Jeddah","MOCK / SYNTHETIC DEMO DATA — SAUDI MARKET"
"syn_campaign_00245","shawarmer","eid_adha","2022-07-11","2022-07-19","8","25","Riyadh","MOCK / SYNTHETIC DEMO DATA — SAUDI MARKET"
"syn_campaign_00246","jarir","eid_adha","2022-07-12","2022-07-19","7","15","Riyadh","MOCK / SYNTHETIC DEMO DATA — SAUDI MARKET"
"syn_campaign_00247","noon_saudi","eid_adha","2022-07-15","2022-07-20","5","27","Riyadh","MOCK / SYNTHETIC DEMO DATA — SAUDI MARKET"
"syn_campaign_00248","panda","eid_adha","2022-07-11","2022-07-14","3","19","Jeddah","MOCK / SYNTHETIC DEMO DATA — SAUDI MARKET"
"syn_campaign_00249","danube","eid_adha","2022-07-16","2022-07-20","4","16","Jeddah","MOCK / SYNTHETIC DEMO DATA — SAUDI MARKET"
"syn_campaign_00250","al_dawaa","eid_adha","2022-07-11","2022-07-14","3","27","Dammam","MOCK / SYNTHETIC DEMO DATA — SAUDI MARKET"
"syn_campaign_00251","half_million","back_to_school","2022-07-22","2022-07-30","8","23","Riyadh","MOCK / SYNTHETIC DEMO DATA — SAUDI MARKET"
"syn_campaign_00252","jarir","back_to_school","2022-07-19","2022-07-26","7","10","Riyadh","MOCK / SYNTHETIC DEMO DATA — SAUDI MARKET"
"syn_campaign_00253","half_million","back_to_school","2022-07-26","2022-07-30","4","19","Riyadh","MOCK / SYNTHETIC DEMO DATA — SAUDI MARKET"
"syn_campaign_00254","dose","back_to_school","2022-07-26","2022-08-02","7","15","Khobar","MOCK / SYNTHETIC DEMO DATA — SAUDI MARKET"
"syn_campaign_00255","herfy","back_to_school","2022-07-29","2022-08-03","5","10","Riyadh","MOCK / SYNTHETIC DEMO DATA — SAUDI MARKET"
"syn_campaign_00256","jarir","back_to_school","2022-07-27","2022-07-29","2","10","Riyadh","MOCK / SYNTHETIC DEMO DATA — SAUDI MARKET"
"syn_campaign_00257","extra","back_to_school","2022-07-25","2022-08-02","8","16","Khobar","MOCK / SYNTHETIC DEMO DATA — SAUDI MARKET"
"syn_campaign_00258","nahdi","back_to_school","2022-07-26","2022-08-03","8","8","Jeddah","MOCK / SYNTHETIC DEMO DATA — SAUDI MARKET"
"syn_campaign_00259","barns","back_to_school","2022-08-03","2022-08-07","4","20","Jeddah","MOCK / SYNTHETIC DEMO DATA — SAUDI MARKET"
"syn_campaign_00260","camel_step","back_to_school","2022-08-03","2022-08-08","5","25","Riyadh","MOCK / SYNTHETIC DEMO DATA — SAUDI MARKET"
"syn_campaign_00261","albaik","back_to_school","2022-08-06","2022-08-08","2","10","Jeddah","MOCK / SYNTHETIC DEMO DATA — SAUDI MARKET"
"syn_campaign_00262","herfy","back_to_school","2022-08-01","2022-08-08","7","19","Riyadh","MOCK / SYNTHETIC DEMO DATA — SAUDI MARKET"
"syn_campaign_00263","shawarmer","back_to_school","2022-08-03","2022-08-10","7","19","Riyadh","MOCK / SYNTHETIC DEMO DATA — SAUDI MARKET"
"syn_campaign_00264","maestro","back_to_school","2022-08-01","2022-08-06","5","32","Riyadh","MOCK / SYNTHETIC DEMO DATA — SAUDI MARKET"
"syn_campaign_00265","al_romansiah","back_to_school","2022-08-06","2022-08-11","5","18","Riyadh","MOCK / SYNTHETIC DEMO DATA — SAUDI MARKET"
"syn_campaign_00266","jarir","back_to_school","2022-08-05","2022-08-09","4","17","Riyadh","MOCK / SYNTHETIC DEMO DATA — SAUDI MARKET"
"syn_campaign_00267","extra","back_to_school","2022-08-01","2022-08-03","2","12","Khobar","MOCK / SYNTHETIC DEMO DATA — SAUDI MARKET"
"syn_campaign_00268","noon_saudi","back_to_school","2022-08-05","2022-08-12","7","16","Riyadh","MOCK / SYNTHETIC DEMO DATA — SAUDI MARKET"
"syn_campaign_00269","flynas","back_to_school","2022-08-04","2022-08-12","8","22","Riyadh","MOCK / SYNTHETIC DEMO DATA — SAUDI MARKET"
"syn_campaign_00270","saudia","back_to_school","2022-08-01","2022-08-08","7","20","Jeddah","MOCK / SYNTHETIC DEMO DATA — SAUDI MARKET"
"syn_campaign_00271","nahdi","back_to_school","2022-08-05","2022-08-13","8","20","Jeddah","MOCK / SYNTHETIC DEMO DATA — SAUDI MARKET"
"syn_campaign_00272","barns","back_to_school","2022-08-08","2022-08-11","3","17","Jeddah","MOCK / SYNTHETIC DEMO DATA — SAUDI MARKET"
"syn_campaign_00273","albaik","back_to_school","2022-08-12","2022-08-14","2","17","Jeddah","MOCK / SYNTHETIC DEMO DATA — SAUDI MARKET"
"syn_campaign_00274","shawarmer","back_to_school","2022-08-10","2022-08-17","7","25","Riyadh","MOCK / SYNTHETIC DEMO DATA — SAUDI MARKET"
"syn_campaign_00275","maestro","back_to_school","2022-08-12","2022-08-15","3","33","Riyadh","MOCK / SYNTHETIC DEMO DATA — SAUDI MARKET"
"syn_campaign_00276","noon_saudi","back_to_school","2022-08-08","2022-08-14","6","30","Riyadh","MOCK / SYNTHETIC DEMO DATA — SAUDI MARKET"
"syn_campaign_00277","saudia","back_to_school","2022-08-13","2022-08-16","3","19","Jeddah","MOCK / SYNTHETIC DEMO DATA — SAUDI MARKET"
"syn_campaign_00278","panda","back_to_school","2022-08-13","2022-08-17","4","7","Jeddah","MOCK / SYNTHETIC DEMO DATA — SAUDI MARKET"
"syn_campaign_00279","al_dawaa","back_to_school","2022-08-13","2022-08-18","5","17","Dammam","MOCK / SYNTHETIC DEMO DATA — SAUDI MARKET"
"syn_campaign_00280","half_million","back_to_school","2022-08-16","2022-08-23","7","25","Riyadh","MOCK / SYNTHETIC DEMO DATA — SAUDI MARKET"
"syn_campaign_00281","dose","back_to_school","2022-08-20","2022-08-23","3","20","Khobar","MOCK / SYNTHETIC DEMO DATA — SAUDI MARKET"
"syn_campaign_00282","maestro","back_to_school","2022-08-19","2022-08-27","8","29","Riyadh","MOCK / SYNTHETIC DEMO DATA — SAUDI MARKET"
"syn_campaign_00283","kudu","back_to_school","2022-08-20","2022-08-24","4","25","Riyadh","MOCK / SYNTHETIC DEMO DATA — SAUDI MARKET"
"syn_campaign_00284","jarir","back_to_school","2022-08-18","2022-08-20","2","10","Riyadh","MOCK / SYNTHETIC DEMO DATA — SAUDI MARKET"
"syn_campaign_00285","noon_saudi","back_to_school","2022-08-19","2022-08-22","3","21","Riyadh","MOCK / SYNTHETIC DEMO DATA — SAUDI MARKET"
"syn_campaign_00286","panda","back_to_school","2022-08-17","2022-08-23","6","14","Jeddah","MOCK / SYNTHETIC DEMO DATA — SAUDI MARKET"
"syn_campaign_00287","danube","back_to_school","2022-08-19","2022-08-25","6","16","Jeddah","MOCK / SYNTHETIC DEMO DATA — SAUDI MARKET"
"syn_campaign_00288","al_dawaa","back_to_school","2022-08-15","2022-08-20","5","13","Dammam","MOCK / SYNTHETIC DEMO DATA — SAUDI MARKET"
"syn_campaign_00289","nahdi","back_to_school","2022-08-20","2022-08-23","3","19","Jeddah","MOCK / SYNTHETIC DEMO DATA — SAUDI MARKET"
"syn_campaign_00290","half_million","back_to_school","2022-08-23","2022-08-25","2","19","Riyadh","MOCK / SYNTHETIC DEMO DATA — SAUDI MARKET"
"syn_campaign_00291","dose","back_to_school","2022-08-27","2022-09-02","6","24","Khobar","MOCK / SYNTHETIC DEMO DATA — SAUDI MARKET"
"syn_campaign_00292","albaik","back_to_school","2022-08-25","2022-08-27","2","18","Jeddah","MOCK / SYNTHETIC DEMO DATA — SAUDI MARKET"
"syn_campaign_00293","maestro","back_to_school","2022-08-26","2022-09-02","7","22","Riyadh","MOCK / SYNTHETIC DEMO DATA — SAUDI MARKET"
"syn_campaign_00294","al_romansiah","back_to_school","2022-08-23","2022-08-25","2","16","Riyadh","MOCK / SYNTHETIC DEMO DATA — SAUDI MARKET"
"syn_campaign_00295","extra","back_to_school","2022-08-25","2022-08-28","3","11","Khobar","MOCK / SYNTHETIC DEMO DATA — SAUDI MARKET"
"syn_campaign_00296","noon_saudi","back_to_school","2022-08-22","2022-08-26","4","24","Riyadh","MOCK / SYNTHETIC DEMO DATA — SAUDI MARKET"
"syn_campaign_00297","saudia","back_to_school","2022-08-23","2022-08-28","5","17","Jeddah","MOCK / SYNTHETIC DEMO DATA — SAUDI MARKET"
"syn_campaign_00298","hungerstation","back_to_school","2022-08-22","2022-08-30","8","22","Riyadh","MOCK / SYNTHETIC DEMO DATA — SAUDI MARKET"
"syn_campaign_00299","panda","back_to_school","2022-08-25","2022-08-28","3","14","Jeddah","MOCK / SYNTHETIC DEMO DATA — SAUDI MARKET"
"syn_campaign_00300","danube","back_to_school","2022-08-26","2022-09-01","6","16","Jeddah","MOCK / SYNTHETIC DEMO DATA — SAUDI MARKET"
"syn_campaign_00301","nahdi","back_to_school","2022-08-22","2022-08-29","7","15","Jeddah","MOCK / SYNTHETIC DEMO DATA — SAUDI MARKET"
"syn_campaign_00302","half_million","national_day","2022-09-02","2022-09-06","4","10","Riyadh","MOCK / SYNTHETIC DEMO DATA — SAUDI MARKET"
"syn_campaign_00303","barns","national_day","2022-08-31","2022-09-03","3","11","Jeddah","MOCK / SYNTHETIC DEMO DATA — SAUDI MARKET"
"syn_campaign_00304","albaik","national_day","2022-09-02","2022-09-08","6","25","Jeddah","MOCK / SYNTHETIC DEMO DATA — SAUDI MARKET"
"syn_campaign_00305","herfy","national_day","2022-09-03","2022-09-06","3","13","Riyadh","MOCK / SYNTHETIC DEMO DATA — SAUDI MARKET"
"syn_campaign_00306","shawarmer","national_day","2022-09-01","2022-09-03","2","19","Riyadh","MOCK / SYNTHETIC DEMO DATA — SAUDI MARKET"
"syn_campaign_00307","kudu","national_day","2022-09-02","2022-09-05","3","23","Riyadh","MOCK / SYNTHETIC DEMO DATA — SAUDI MARKET"
"syn_campaign_00308","jarir","national_day","2022-09-02","2022-09-04","2","20","Riyadh","MOCK / SYNTHETIC DEMO DATA — SAUDI MARKET"
"syn_campaign_00309","noon_saudi","national_day","2022-08-30","2022-09-04","5","21","Riyadh","MOCK / SYNTHETIC DEMO DATA — SAUDI MARKET"
"syn_campaign_00310","flynas","national_day","2022-08-29","2022-09-04","6","18","Riyadh","MOCK / SYNTHETIC DEMO DATA — SAUDI MARKET"
"syn_campaign_00311","saudia","national_day","2022-08-31","2022-09-03","3","5","Jeddah","MOCK / SYNTHETIC DEMO DATA — SAUDI MARKET"
"syn_campaign_00312","al_dawaa","national_day","2022-08-30","2022-09-02","3","17","Dammam","MOCK / SYNTHETIC DEMO DATA — SAUDI MARKET"
"syn_campaign_00313","nahdi","national_day","2022-09-02","2022-09-05","3","11","Jeddah","MOCK / SYNTHETIC DEMO DATA — SAUDI MARKET"
"syn_campaign_00323","al_dawaa","national_day","2022-09-08","2022-09-13","5","21","Dammam","MOCK / SYNTHETIC DEMO DATA — SAUDI MARKET"
"syn_campaign_00324","nahdi","national_day","2022-09-10","2022-09-14","4","25","Jeddah","MOCK / SYNTHETIC DEMO DATA — SAUDI MARKET"
"syn_campaign_00332","panda","national_day","2022-09-17","2022-09-19","2","5","Jeddah","MOCK / SYNTHETIC DEMO DATA — SAUDI MARKET"
"syn_campaign_00333","al_dawaa","national_day","2022-09-12","2022-09-14","2","8","Dammam","MOCK / SYNTHETIC DEMO DATA — SAUDI MARKET"
"syn_campaign_00343","al_dawaa","national_day","2022-09-23","2022-09-26","3","18","Dammam","MOCK / SYNTHETIC DEMO DATA — SAUDI MARKET"
"syn_campaign_00344","nahdi","national_day","2022-09-24","2022-09-28","4","10","Jeddah","MOCK / SYNTHETIC DEMO DATA — SAUDI MARKET"
"syn_campaign_00355","danube","national_day","2022-09-30","2022-10-05","5","19","Jeddah","MOCK / SYNTHETIC DEMO DATA — SAUDI MARKET"
"syn_campaign_00356","al_dawaa","national_day","2022-09-30","2022-10-07","7","17","Dammam","MOCK / SYNTHETIC DEMO DATA — SAUDI MARKET"
"syn_campaign_00379","al_dawaa","riyadh_season","2022-10-12","2022-10-15","3","15","Dammam","MOCK / SYNTHETIC DEMO DATA — SAUDI MARKET"
"syn_campaign_00380","nahdi","riyadh_season","2022-10-12","2022-10-20","8","14","Jeddah","MOCK / SYNTHETIC DEMO DATA — SAUDI MARKET"
"syn_campaign_00386","danube","riyadh_season","2022-10-19","2022-10-24","5","7","Jeddah","MOCK / SYNTHETIC DEMO DATA — SAUDI MARKET"
"syn_campaign_00391","al_dawaa","founding_day","2022-10-29","2022-10-31","2","13","Dammam","MOCK / SYNTHETIC DEMO DATA — SAUDI MARKET"
"syn_campaign_00394","al_dawaa","founding_day","2022-11-01","2022-11-06","5","9","Dammam","MOCK / SYNTHETIC DEMO DATA — SAUDI MARKET"
"syn_campaign_00412","danube","founding_day","2022-11-25","2022-11-28","3","5","Jeddah","MOCK / SYNTHETIC DEMO DATA — SAUDI MARKET"
"syn_campaign_00421","danube","founding_day","2022-12-02","2022-12-05","3","14","Jeddah","MOCK / SYNTHETIC DEMO DATA — SAUDI MARKET"
"syn_campaign_00422","al_dawaa","founding_day","2022-12-01","2022-12-05","4","11","Dammam","MOCK / SYNTHETIC DEMO DATA — SAUDI MARKET"
"syn_campaign_00423","nahdi","founding_day","2022-11-28","2022-12-05","7","14","Jeddah","MOCK / SYNTHETIC DEMO DATA — SAUDI MARKET"
"syn_campaign_00430","panda","founding_day","2022-12-07","2022-12-11","4","10","Jeddah","MOCK / SYNTHETIC DEMO DATA — SAUDI MARKET"
"syn_campaign_00442","al_dawaa","founding_day","2022-12-23","2022-12-26","3","10","Dammam","MOCK / SYNTHETIC DEMO DATA — SAUDI MARKET"
"syn_campaign_00455","panda","founding_day","2023-01-05","2023-01-13","8","10","Jeddah","MOCK / SYNTHETIC DEMO DATA — SAUDI MARKET"
"syn_campaign_00456","nahdi","founding_day","2023-01-02","2023-01-08","6","14","Jeddah","MOCK / SYNTHETIC DEMO DATA — SAUDI MARKET"
"syn_campaign_00463","panda","founding_day","2023-01-09","2023-01-15","6","8","Jeddah","MOCK / SYNTHETIC DEMO DATA — SAUDI MARKET"
"syn_campaign_00469","danube","founding_day","2023-01-16","2023-01-22","6","8","Jeddah","MOCK / SYNTHETIC DEMO DATA — SAUDI MARKET"
"syn_campaign_00476","panda","founding_day","2023-01-26","2023-01-29","3","10","Jeddah","MOCK / SYNTHETIC DEMO DATA — SAUDI MARKET"
"syn_campaign_00477","nahdi","founding_day","2023-01-25","2023-01-27","2","9","Jeddah","MOCK / SYNTHETIC DEMO DATA — SAUDI MARKET"
"syn_campaign_00486","panda","founding_day","2023-02-04","2023-02-06","2","12","Jeddah","MOCK / SYNTHETIC DEMO DATA — SAUDI MARKET"
"syn_campaign_00487","danube","founding_day","2023-02-01","2023-02-06","5","20","Jeddah","MOCK / SYNTHETIC DEMO DATA — SAUDI MARKET"
"syn_campaign_00488","al_dawaa","founding_day","2023-02-03","2023-02-11","8","14","Dammam","MOCK / SYNTHETIC DEMO DATA — SAUDI MARKET"
"syn_campaign_00494","danube","founding_day","2023-02-07","2023-02-09","2","14","Jeddah","MOCK / SYNTHETIC DEMO DATA — SAUDI MARKET"
"syn_campaign_00495","al_dawaa","founding_day","2023-02-09","2023-02-16","7","12","Dammam","MOCK / SYNTHETIC DEMO DATA — SAUDI MARKET"
"syn_campaign_00507","panda","founding_day","2023-02-13","2023-02-17","4","11","Jeddah","MOCK / SYNTHETIC DEMO DATA — SAUDI MARKET"
"syn_campaign_00508","nahdi","founding_day","2023-02-16","2023-02-24","8","18","Jeddah","MOCK / SYNTHETIC DEMO DATA — SAUDI MARKET"
"syn_campaign_00515","al_dawaa","founding_day","2023-02-22","2023-02-24","2","19","Dammam","MOCK / SYNTHETIC DEMO DATA — SAUDI MARKET"
"syn_campaign_00528","panda","founding_day","2023-03-03","2023-03-05","2","20","Jeddah","MOCK / SYNTHETIC DEMO DATA — SAUDI MARKET"
"syn_campaign_00529","al_dawaa","founding_day","2023-02-28","2023-03-08","8","10","Dammam","MOCK / SYNTHETIC DEMO DATA — SAUDI MARKET"
"syn_campaign_00530","nahdi","founding_day","2023-03-02","2023-03-07","5","25","Jeddah","MOCK / SYNTHETIC DEMO DATA — SAUDI MARKET"
"syn_campaign_00540","panda","ramadan","2023-03-10","2023-03-18","8","12","Jeddah","MOCK / SYNTHETIC DEMO DATA — SAUDI MARKET"
"syn_campaign_00541","danube","ramadan","2023-03-11","2023-03-14","3","20","Jeddah","MOCK / SYNTHETIC DEMO DATA — SAUDI MARKET"
"syn_campaign_00542","nahdi","ramadan","2023-03-10","2023-03-15","5","14","Jeddah","MOCK / SYNTHETIC DEMO DATA — SAUDI MARKET"
"syn_campaign_00552","panda","ramadan","2023-03-14","2023-03-21","7","19","Jeddah","MOCK / SYNTHETIC DEMO DATA — SAUDI MARKET"
"syn_campaign_00553","danube","ramadan","2023-03-13","2023-03-15","2","14","Jeddah","MOCK / SYNTHETIC DEMO DATA — SAUDI MARKET"
"syn_campaign_00554","nahdi","ramadan","2023-03-18","2023-03-23","5","23","Jeddah","MOCK / SYNTHETIC DEMO DATA — SAUDI MARKET"
"syn_campaign_00563","danube","ramadan","2023-03-24","2023-03-31","7","21","Jeddah","MOCK / SYNTHETIC DEMO DATA — SAUDI MARKET"
"syn_campaign_00564","al_dawaa","ramadan","2023-03-22","2023-03-30","8","10","Dammam","MOCK / SYNTHETIC DEMO DATA — SAUDI MARKET"
"syn_campaign_00565","nahdi","ramadan","2023-03-20","2023-03-22","2","17","Jeddah","MOCK / SYNTHETIC DEMO DATA — SAUDI MARKET"
"syn_campaign_00574","panda","ramadan","2023-03-31","2023-04-02","2","11","Jeddah","MOCK / SYNTHETIC DEMO DATA — SAUDI MARKET"
"syn_campaign_00575","danube","ramadan","2023-03-31","2023-04-02","2","15","Jeddah","MOCK / SYNTHETIC DEMO DATA — SAUDI MARKET"
"syn_campaign_00576","al_dawaa","ramadan","2023-03-28","2023-04-04","7","16","Dammam","MOCK / SYNTHETIC DEMO DATA — SAUDI MARKET"
"syn_campaign_00577","nahdi","ramadan","2023-04-01","2023-04-05","4","19","Jeddah","MOCK / SYNTHETIC DEMO DATA — SAUDI MARKET"
"syn_campaign_00585","nahdi","eid_fitr","2023-04-07","2023-04-10","3","13","Jeddah","MOCK / SYNTHETIC DEMO DATA — SAUDI MARKET"
"syn_campaign_00593","nahdi","eid_fitr","2023-04-12","2023-04-16","4","22","Jeddah","MOCK / SYNTHETIC DEMO DATA — SAUDI MARKET"
"syn_campaign_00600","panda","eid_fitr","2023-04-20","2023-04-23","3","16","Jeddah","MOCK / SYNTHETIC DEMO DATA — SAUDI MARKET"
"syn_campaign_00601","nahdi","eid_fitr","2023-04-22","2023-04-27","5","13","Jeddah","MOCK / SYNTHETIC DEMO DATA — SAUDI MARKET"
"syn_campaign_00612","panda","eid_fitr","2023-04-26","2023-05-01","5","8","Jeddah","MOCK / SYNTHETIC DEMO DATA — SAUDI MARKET"
"syn_campaign_00613","al_dawaa","eid_fitr","2023-04-29","2023-05-03","4","23","Dammam","MOCK / SYNTHETIC DEMO DATA — SAUDI MARKET"
"syn_campaign_00614","nahdi","eid_fitr","2023-04-26","2023-05-01","5","12","Jeddah","MOCK / SYNTHETIC DEMO DATA — SAUDI MARKET"
"syn_campaign_00620","panda","eid_adha","2023-05-01","2023-05-06","5","16","Jeddah","MOCK / SYNTHETIC DEMO DATA — SAUDI MARKET"
"syn_campaign_00639","nahdi","eid_adha","2023-06-01","2023-06-03","2","14","Jeddah","MOCK / SYNTHETIC DEMO DATA — SAUDI MARKET"
"syn_campaign_00647","panda","eid_adha","2023-06-07","2023-06-15","8","21","Jeddah","MOCK / SYNTHETIC DEMO DATA — SAUDI MARKET"
"syn_campaign_00648","danube","eid_adha","2023-06-05","2023-06-09","4","12","Jeddah","MOCK / SYNTHETIC DEMO DATA — SAUDI MARKET"
"syn_campaign_00649","al_dawaa","eid_adha","2023-06-10","2023-06-13","3","10","Dammam","MOCK / SYNTHETIC DEMO DATA — SAUDI MARKET"
"syn_campaign_00650","nahdi","eid_adha","2023-06-08","2023-06-15","7","12","Jeddah","MOCK / SYNTHETIC DEMO DATA — SAUDI MARKET"
"syn_campaign_00661","panda","eid_adha","2023-06-13","2023-06-18","5","13","Jeddah","MOCK / SYNTHETIC DEMO DATA — SAUDI MARKET"
"syn_campaign_00662","nahdi","eid_adha","2023-06-17","2023-06-20","3","10","Jeddah","MOCK / SYNTHETIC DEMO DATA — SAUDI MARKET"
"syn_campaign_00670","danube","eid_adha","2023-06-19","2023-06-25","6","15","Jeddah","MOCK / SYNTHETIC DEMO DATA — SAUDI MARKET"
"syn_campaign_00671","al_dawaa","eid_adha","2023-06-19","2023-06-22","3","19","Dammam","MOCK / SYNTHETIC DEMO DATA — SAUDI MARKET"
"syn_campaign_00680","panda","eid_adha","2023-07-01","2023-07-09","8","19","Jeddah","MOCK / SYNTHETIC DEMO DATA — SAUDI MARKET"
"syn_campaign_00681","danube","eid_adha","2023-06-29","2023-07-07","8","16","Jeddah","MOCK / SYNTHETIC DEMO DATA — SAUDI MARKET"
"syn_campaign_00682","nahdi","eid_adha","2023-06-30","2023-07-08","8","14","Jeddah","MOCK / SYNTHETIC DEMO DATA — SAUDI MARKET"
"syn_campaign_00691","panda","eid_adha","2023-07-04","2023-07-06","2","19","Jeddah","MOCK / SYNTHETIC DEMO DATA — SAUDI MARKET"
"syn_campaign_00692","al_dawaa","eid_adha","2023-07-05","2023-07-13","8","13","Dammam","MOCK / SYNTHETIC DEMO DATA — SAUDI MARKET"
"syn_campaign_00702","danube","back_to_school","2023-07-21","2023-07-26","5","12","Jeddah","MOCK / SYNTHETIC DEMO DATA — SAUDI MARKET"
"syn_campaign_00703","al_dawaa","back_to_school","2023-07-18","2023-07-24","6","11","Dammam","MOCK / SYNTHETIC DEMO DATA — SAUDI MARKET"
"syn_campaign_00708","danube","back_to_school","2023-07-24","2023-08-01","8","13","Jeddah","MOCK / SYNTHETIC DEMO DATA — SAUDI MARKET"
"syn_campaign_00709","nahdi","back_to_school","2023-07-25","2023-07-28","3","9","Jeddah","MOCK / SYNTHETIC DEMO DATA — SAUDI MARKET"
"syn_campaign_00723","al_dawaa","back_to_school","2023-08-04","2023-08-09","5","8","Dammam","MOCK / SYNTHETIC DEMO DATA — SAUDI MARKET"
"syn_campaign_00724","nahdi","back_to_school","2023-08-02","2023-08-05","3","12","Jeddah","MOCK / SYNTHETIC DEMO DATA — SAUDI MARKET"
"syn_campaign_00737","panda","back_to_school","2023-08-09","2023-08-14","5","9","Jeddah","MOCK / SYNTHETIC DEMO DATA — SAUDI MARKET"
"syn_campaign_00738","danube","back_to_school","2023-08-11","2023-08-17","6","15","Jeddah","MOCK / SYNTHETIC DEMO DATA — SAUDI MARKET"
"syn_campaign_00739","nahdi","back_to_school","2023-08-12","2023-08-20","8","12","Jeddah","MOCK / SYNTHETIC DEMO DATA — SAUDI MARKET"
"syn_campaign_00745","panda","back_to_school","2023-08-17","2023-08-19","2","5","Jeddah","MOCK / SYNTHETIC DEMO DATA — SAUDI MARKET"
"syn_campaign_00746","danube","back_to_school","2023-08-17","2023-08-23","6","5","Jeddah","MOCK / SYNTHETIC DEMO DATA — SAUDI MARKET"
"syn_campaign_00754","nahdi","back_to_school","2023-08-22","2023-08-27","5","25","Jeddah","MOCK / SYNTHETIC DEMO DATA — SAUDI MARKET"
"syn_campaign_00763","panda","back_to_school","2023-08-30","2023-09-02","3","17","Jeddah","MOCK / SYNTHETIC DEMO DATA — SAUDI MARKET"
"syn_campaign_00764","nahdi","back_to_school","2023-08-31","2023-09-03","3","14","Jeddah","MOCK / SYNTHETIC DEMO DATA — SAUDI MARKET"
"syn_campaign_00775","danube","national_day","2023-09-04","2023-09-07","3","26","Jeddah","MOCK / SYNTHETIC DEMO DATA — SAUDI MARKET"
"syn_campaign_00786","al_dawaa","national_day","2023-09-14","2023-09-20","6","21","Dammam","MOCK / SYNTHETIC DEMO DATA — SAUDI MARKET"
"syn_campaign_00787","nahdi","national_day","2023-09-16","2023-09-19","3","16","Jeddah","MOCK / SYNTHETIC DEMO DATA — SAUDI MARKET"
"syn_campaign_00798","panda","national_day","2023-09-18","2023-09-25","7","8","Jeddah","MOCK / SYNTHETIC DEMO DATA — SAUDI MARKET"
"syn_campaign_00799","danube","national_day","2023-09-19","2023-09-24","5","21","Jeddah","MOCK / SYNTHETIC DEMO DATA — SAUDI MARKET"
"syn_campaign_00810","al_dawaa","national_day","2023-09-30","2023-10-06","6","6","Dammam","MOCK / SYNTHETIC DEMO DATA — SAUDI MARKET"
"syn_campaign_00816","al_dawaa","riyadh_season","2023-10-07","2023-10-14","7","20","Dammam","MOCK / SYNTHETIC DEMO DATA — SAUDI MARKET"
"syn_campaign_00817","nahdi","riyadh_season","2023-10-05","2023-10-13","8","20","Jeddah","MOCK / SYNTHETIC DEMO DATA — SAUDI MARKET"
"syn_campaign_00829","panda","riyadh_season","2023-10-10","2023-10-18","8","11","Jeddah","MOCK / SYNTHETIC DEMO DATA — SAUDI MARKET"
"syn_campaign_00837","panda","riyadh_season","2023-10-18","2023-10-22","4","14","Jeddah","MOCK / SYNTHETIC DEMO DATA — SAUDI MARKET"
"syn_campaign_00838","danube","riyadh_season","2023-10-17","2023-10-19","2","19","Jeddah","MOCK / SYNTHETIC DEMO DATA — SAUDI MARKET"
"syn_campaign_00843","al_dawaa","founding_day","2023-10-24","2023-10-28","4","8","Dammam","MOCK / SYNTHETIC DEMO DATA — SAUDI MARKET"
"syn_campaign_00852","panda","founding_day","2023-11-01","2023-11-04","3","7","Jeddah","MOCK / SYNTHETIC DEMO DATA — SAUDI MARKET"
"syn_campaign_00856","al_dawaa","founding_day","2023-11-09","2023-11-15","6","12","Dammam","MOCK / SYNTHETIC DEMO DATA — SAUDI MARKET"
"syn_campaign_00861","al_dawaa","founding_day","2023-11-16","2023-11-21","5","7","Dammam","MOCK / SYNTHETIC DEMO DATA — SAUDI MARKET"
"syn_campaign_00866","danube","founding_day","2023-11-24","2023-12-01","7","10","Jeddah","MOCK / SYNTHETIC DEMO DATA — SAUDI MARKET"
"syn_campaign_00867","nahdi","founding_day","2023-11-22","2023-11-26","4","12","Jeddah","MOCK / SYNTHETIC DEMO DATA — SAUDI MARKET"
"syn_campaign_00880","panda","founding_day","2023-12-04","2023-12-10","6","9","Jeddah","MOCK / SYNTHETIC DEMO DATA — SAUDI MARKET"
"syn_campaign_00881","nahdi","founding_day","2023-12-07","2023-12-15","8","10","Jeddah","MOCK / SYNTHETIC DEMO DATA — SAUDI MARKET"
"syn_campaign_00884","danube","founding_day","2023-12-13","2023-12-15","2","5","Jeddah","MOCK / SYNTHETIC DEMO DATA — SAUDI MARKET"
"syn_campaign_00898","al_dawaa","founding_day","2023-12-26","2024-01-03","8","9","Dammam","MOCK / SYNTHETIC DEMO DATA — SAUDI MARKET"
"syn_campaign_00906","nahdi","founding_day","2024-01-03","2024-01-05","2","11","Jeddah","MOCK / SYNTHETIC DEMO DATA — SAUDI MARKET"
"syn_campaign_00912","panda","founding_day","2024-01-09","2024-01-14","5","15","Jeddah","MOCK / SYNTHETIC DEMO DATA — SAUDI MARKET"
"syn_campaign_00917","panda","founding_day","2024-01-20","2024-01-24","4","12","Jeddah","MOCK / SYNTHETIC DEMO DATA — SAUDI MARKET"
"syn_campaign_00924","panda","founding_day","2024-01-26","2024-01-28","2","18","Jeddah","MOCK / SYNTHETIC DEMO DATA — SAUDI MARKET"
"syn_campaign_00933","danube","founding_day","2024-02-01","2024-02-09","8","17","Jeddah","MOCK / SYNTHETIC DEMO DATA — SAUDI MARKET"
"syn_campaign_00934","al_dawaa","founding_day","2024-02-01","2024-02-08","7","16","Dammam","MOCK / SYNTHETIC DEMO DATA — SAUDI MARKET"
"syn_campaign_00947","panda","founding_day","2024-02-07","2024-02-11","4","9","Jeddah","MOCK / SYNTHETIC DEMO DATA — SAUDI MARKET"
"syn_campaign_00948","al_dawaa","founding_day","2024-02-05","2024-02-07","2","17","Dammam","MOCK / SYNTHETIC DEMO DATA — SAUDI MARKET"
"syn_campaign_00949","nahdi","founding_day","2024-02-10","2024-02-12","2","18","Jeddah","MOCK / SYNTHETIC DEMO DATA — SAUDI MARKET"
"syn_campaign_00957","panda","founding_day","2024-02-17","2024-02-20","3","9","Jeddah","MOCK / SYNTHETIC DEMO DATA — SAUDI MARKET"
"syn_campaign_00958","danube","founding_day","2024-02-12","2024-02-16","4","20","Jeddah","MOCK / SYNTHETIC DEMO DATA — SAUDI MARKET"
"syn_campaign_00966","al_dawaa","founding_day","2024-02-19","2024-02-26","7","15","Dammam","MOCK / SYNTHETIC DEMO DATA — SAUDI MARKET"
"syn_campaign_00967","nahdi","founding_day","2024-02-19","2024-02-27","8","15","Jeddah","MOCK / SYNTHETIC DEMO DATA — SAUDI MARKET"
"syn_campaign_00974","panda","founding_day","2024-02-28","2024-03-03","4","13","Jeddah","MOCK / SYNTHETIC DEMO DATA — SAUDI MARKET"
"syn_campaign_00975","danube","founding_day","2024-02-28","2024-03-04","5","21","Jeddah","MOCK / SYNTHETIC DEMO DATA — SAUDI MARKET"
"syn_campaign_00976","al_dawaa","founding_day","2024-03-02","2024-03-05","3","14","Dammam","MOCK / SYNTHETIC DEMO DATA — SAUDI MARKET"
"syn_campaign_00977","nahdi","founding_day","2024-02-26","2024-03-05","8","18","Jeddah","MOCK / SYNTHETIC DEMO DATA — SAUDI MARKET"
"syn_campaign_00990","panda","ramadan","2024-03-05","2024-03-10","5","18","Jeddah","MOCK / SYNTHETIC DEMO DATA — SAUDI MARKET"
"syn_campaign_00991","danube","ramadan","2024-03-04","2024-03-08","4","22","Jeddah","MOCK / SYNTHETIC DEMO DATA — SAUDI MARKET"
"syn_campaign_00998","panda","ramadan","2024-03-16","2024-03-18","2","27","Jeddah","MOCK / SYNTHETIC DEMO DATA — SAUDI MARKET"
"syn_campaign_00999","al_dawaa","ramadan","2024-03-11","2024-03-14","3","19","Dammam","MOCK / SYNTHETIC DEMO DATA — SAUDI MARKET"
"syn_campaign_01000","nahdi","ramadan","2024-03-15","2024-03-18","3","22","Jeddah","MOCK / SYNTHETIC DEMO DATA — SAUDI MARKET"
"syn_campaign_01007","al_dawaa","eid_fitr","2024-03-23","2024-03-25","2","11","Dammam","MOCK / SYNTHETIC DEMO DATA — SAUDI MARKET"
"syn_campaign_01018","danube","eid_fitr","2024-03-28","2024-04-03","6","15","Jeddah","MOCK / SYNTHETIC DEMO DATA — SAUDI MARKET"
"syn_campaign_01019","al_dawaa","eid_fitr","2024-03-26","2024-03-31","5","13","Dammam","MOCK / SYNTHETIC DEMO DATA — SAUDI MARKET"
"syn_campaign_01038","panda","eid_fitr","2024-04-08","2024-04-14","6","16","Jeddah","MOCK / SYNTHETIC DEMO DATA — SAUDI MARKET"
"syn_campaign_01039","al_dawaa","eid_fitr","2024-04-10","2024-04-18","8","10","Dammam","MOCK / SYNTHETIC DEMO DATA — SAUDI MARKET"
"syn_campaign_01040","nahdi","eid_fitr","2024-04-13","2024-04-18","5","20","Jeddah","MOCK / SYNTHETIC DEMO DATA — SAUDI MARKET"
"syn_campaign_01048","al_dawaa","eid_fitr","2024-04-20","2024-04-28","8","28","Dammam","MOCK / SYNTHETIC DEMO DATA — SAUDI MARKET"
"syn_campaign_01049","nahdi","eid_fitr","2024-04-18","2024-04-22","4","25","Jeddah","MOCK / SYNTHETIC DEMO DATA — SAUDI MARKET"
"syn_campaign_01055","danube","eid_adha","2024-04-26","2024-04-29","3","7","Jeddah","MOCK / SYNTHETIC DEMO DATA — SAUDI MARKET"
"syn_campaign_01061","panda","eid_adha","2024-05-04","2024-05-09","5","7","Jeddah","MOCK / SYNTHETIC DEMO DATA — SAUDI MARKET"
"syn_campaign_01066","al_dawaa","eid_adha","2024-05-06","2024-05-08","2","5","Dammam","MOCK / SYNTHETIC DEMO DATA — SAUDI MARKET"
"syn_campaign_01072","nahdi","eid_adha","2024-05-18","2024-05-26","8","18","Jeddah","MOCK / SYNTHETIC DEMO DATA — SAUDI MARKET"
"syn_campaign_01075","al_dawaa","eid_adha","2024-05-23","2024-05-31","8","8","Dammam","MOCK / SYNTHETIC DEMO DATA — SAUDI MARKET"
"syn_campaign_01085","al_dawaa","eid_adha","2024-05-30","2024-06-03","4","23","Dammam","MOCK / SYNTHETIC DEMO DATA — SAUDI MARKET"
"syn_campaign_01086","nahdi","eid_adha","2024-05-29","2024-06-05","7","16","Jeddah","MOCK / SYNTHETIC DEMO DATA — SAUDI MARKET"
"syn_campaign_01096","panda","eid_adha","2024-06-08","2024-06-11","3","15","Jeddah","MOCK / SYNTHETIC DEMO DATA — SAUDI MARKET"
"syn_campaign_01097","al_dawaa","eid_adha","2024-06-06","2024-06-13","7","10","Dammam","MOCK / SYNTHETIC DEMO DATA — SAUDI MARKET"
"syn_campaign_01103","danube","eid_adha","2024-06-12","2024-06-15","3","25","Jeddah","MOCK / SYNTHETIC DEMO DATA — SAUDI MARKET"
"syn_campaign_01104","al_dawaa","eid_adha","2024-06-11","2024-06-17","6","18","Dammam","MOCK / SYNTHETIC DEMO DATA — SAUDI MARKET"
"syn_campaign_01114","panda","eid_adha","2024-06-22","2024-06-24","2","15","Jeddah","MOCK / SYNTHETIC DEMO DATA — SAUDI MARKET"
"syn_campaign_01121","panda","back_to_school","2024-07-01","2024-07-09","8","17","Jeddah","MOCK / SYNTHETIC DEMO DATA — SAUDI MARKET"
"syn_campaign_01122","danube","back_to_school","2024-07-05","2024-07-09","4","8","Jeddah","MOCK / SYNTHETIC DEMO DATA — SAUDI MARKET"
"syn_campaign_01123","nahdi","back_to_school","2024-07-03","2024-07-07","4","14","Jeddah","MOCK / SYNTHETIC DEMO DATA — SAUDI MARKET"
"syn_campaign_01133","danube","back_to_school","2024-07-18","2024-07-24","6","12","Jeddah","MOCK / SYNTHETIC DEMO DATA — SAUDI MARKET"
"syn_campaign_01142","al_dawaa","back_to_school","2024-07-23","2024-07-30","7","19","Dammam","MOCK / SYNTHETIC DEMO DATA — SAUDI MARKET"
"syn_campaign_01156","panda","back_to_school","2024-08-08","2024-08-10","2","11","Jeddah","MOCK / SYNTHETIC DEMO DATA — SAUDI MARKET"
"syn_campaign_01157","nahdi","back_to_school","2024-08-06","2024-08-11","5","13","Jeddah","MOCK / SYNTHETIC DEMO DATA — SAUDI MARKET"
"syn_campaign_01169","danube","back_to_school","2024-08-16","2024-08-22","6","14","Jeddah","MOCK / SYNTHETIC DEMO DATA — SAUDI MARKET"
"syn_campaign_01170","al_dawaa","back_to_school","2024-08-13","2024-08-17","4","19","Dammam","MOCK / SYNTHETIC DEMO DATA — SAUDI MARKET"
"syn_campaign_01175","al_dawaa","back_to_school","2024-08-22","2024-08-24","2","14","Dammam","MOCK / SYNTHETIC DEMO DATA — SAUDI MARKET"
"syn_campaign_01187","danube","back_to_school","2024-08-29","2024-09-03","5","15","Jeddah","MOCK / SYNTHETIC DEMO DATA — SAUDI MARKET"
"syn_campaign_01194","panda","national_day","2024-09-05","2024-09-10","5","11","Jeddah","MOCK / SYNTHETIC DEMO DATA — SAUDI MARKET"
"syn_campaign_01205","nahdi","national_day","2024-09-10","2024-09-13","3","16","Jeddah","MOCK / SYNTHETIC DEMO DATA — SAUDI MARKET"
"syn_campaign_01214","danube","national_day","2024-09-19","2024-09-26","7","21","Jeddah","MOCK / SYNTHETIC DEMO DATA — SAUDI MARKET"
"syn_campaign_01222","danube","national_day","2024-09-28","2024-10-05","7","17","Jeddah","MOCK / SYNTHETIC DEMO DATA — SAUDI MARKET"
"syn_campaign_01233","panda","riyadh_season","2024-10-05","2024-10-11","6","17","Jeddah","MOCK / SYNTHETIC DEMO DATA — SAUDI MARKET"
"syn_campaign_01234","danube","riyadh_season","2024-10-03","2024-10-10","7","21","Jeddah","MOCK / SYNTHETIC DEMO DATA — SAUDI MARKET"
"syn_campaign_01235","al_dawaa","riyadh_season","2024-10-01","2024-10-03","2","15","Dammam","MOCK / SYNTHETIC DEMO DATA — SAUDI MARKET"
"syn_campaign_01242","panda","riyadh_season","2024-10-08","2024-10-15","7","11","Jeddah","MOCK / SYNTHETIC DEMO DATA — SAUDI MARKET"
"syn_campaign_01243","nahdi","riyadh_season","2024-10-10","2024-10-13","3","21","Jeddah","MOCK / SYNTHETIC DEMO DATA — SAUDI MARKET"
"syn_campaign_01253","panda","riyadh_season","2024-10-14","2024-10-20","6","24","Jeddah","MOCK / SYNTHETIC DEMO DATA — SAUDI MARKET"
"syn_campaign_01254","al_dawaa","riyadh_season","2024-10-14","2024-10-19","5","18","Dammam","MOCK / SYNTHETIC DEMO DATA — SAUDI MARKET"
"syn_campaign_01255","nahdi","riyadh_season","2024-10-18","2024-10-22","4","23","Jeddah","MOCK / SYNTHETIC DEMO DATA — SAUDI MARKET"
"syn_campaign_01264","nahdi","founding_day","2024-11-02","2024-11-06","4","15","Jeddah","MOCK / SYNTHETIC DEMO DATA — SAUDI MARKET"
"syn_campaign_01269","panda","founding_day","2024-11-09","2024-11-16","7","8","Jeddah","MOCK / SYNTHETIC DEMO DATA — SAUDI MARKET"
"syn_campaign_01270","danube","founding_day","2024-11-06","2024-11-09","3","22","Jeddah","MOCK / SYNTHETIC DEMO DATA — SAUDI MARKET"
"syn_campaign_01275","al_dawaa","founding_day","2024-11-12","2024-11-19","7","17","Dammam","MOCK / SYNTHETIC DEMO DATA — SAUDI MARKET"
"syn_campaign_01276","nahdi","founding_day","2024-11-16","2024-11-23","7","17","Jeddah","MOCK / SYNTHETIC DEMO DATA — SAUDI MARKET"
"syn_campaign_01289","panda","founding_day","2024-12-04","2024-12-06","2","18","Jeddah","MOCK / SYNTHETIC DEMO DATA — SAUDI MARKET"
"syn_campaign_01290","danube","founding_day","2024-12-07","2024-12-11","4","9","Jeddah","MOCK / SYNTHETIC DEMO DATA — SAUDI MARKET"
"syn_campaign_01291","al_dawaa","founding_day","2024-12-04","2024-12-07","3","18","Dammam","MOCK / SYNTHETIC DEMO DATA — SAUDI MARKET"
"syn_campaign_01314","panda","founding_day","2024-12-31","2025-01-06","6","13","Jeddah","MOCK / SYNTHETIC DEMO DATA — SAUDI MARKET"
"syn_campaign_01315","danube","founding_day","2025-01-02","2025-01-06","4","9","Jeddah","MOCK / SYNTHETIC DEMO DATA — SAUDI MARKET"
"syn_campaign_01316","al_dawaa","founding_day","2025-01-01","2025-01-07","6","5","Dammam","MOCK / SYNTHETIC DEMO DATA — SAUDI MARKET"
"syn_campaign_01322","panda","founding_day","2025-01-14","2025-01-20","6","5","Jeddah","MOCK / SYNTHETIC DEMO DATA — SAUDI MARKET"
"syn_campaign_01331","al_dawaa","founding_day","2025-01-22","2025-01-27","5","9","Dammam","MOCK / SYNTHETIC DEMO DATA — SAUDI MARKET"
"syn_campaign_01339","panda","founding_day","2025-02-01","2025-02-09","8","9","Jeddah","MOCK / SYNTHETIC DEMO DATA — SAUDI MARKET"
"syn_campaign_01340","nahdi","founding_day","2025-01-28","2025-01-31","3","8","Jeddah","MOCK / SYNTHETIC DEMO DATA — SAUDI MARKET"
"syn_campaign_01349","panda","founding_day","2025-02-05","2025-02-10","5","14","Jeddah","MOCK / SYNTHETIC DEMO DATA — SAUDI MARKET"
