"transaction_id","user_id","merchant_id","category","amount_sar","timestamp","time_period","city","is_essential","source_label"
"syn_txn_0000001","rashid","half_million","coffee","20.24","2023-01-13T20:00:00","evening","Riyadh","False","MOCK / SYNTHETIC DEMO DATA — SAUDI MARKET"
"syn_txn_0000002","rashid","half_million","coffee","28.94","2023-01-21T19:00:00","evening","Riyadh","False","MOCK / SYNTHETIC DEMO DATA — SAUDI MARKET"
"syn_txn_0000003","rashid","half_million","coffee","23.48","2023-02-03T20:00:00","evening","Riyadh","False","MOCK / SYNTHETIC DEMO DATA — SAUDI MARKET"
"syn_txn_0000004","rashid","half_million","coffee","21.08","2023-02-06T20:00:00","evening","Riyadh","False","MOCK / SYNTHETIC DEMO DATA — SAUDI MARKET"
"syn_txn_0000005","rashid","half_million","coffee","26.6","2023-02-11T17:00:00","evening","Riyadh","False","MOCK / SYNTHETIC DEMO DATA — SAUDI MARKET"
"syn_txn_0000006","rashid","half_million","coffee","21.87","2023-02-13T17:00:00","evening","Riyadh","False","MOCK / SYNTHETIC DEMO DATA — SAUDI MARKET"
"syn_txn_0000007","rashid","half_million","coffee","20.87","2023-02-18T19:00:00","evening","Riyadh","False","MOCK / SYNTHETIC DEMO DATA — SAUDI MARKET"
"syn_txn_0000008","rashid","half_million","coffee","26.2","2023-02-25T17:00:00","evening","Riyadh","False","MOCK / SYNTHETIC DEMO DATA — SAUDI MARKET"
"syn_txn_0000009","rashid","half_million","coffee","20.95","2023-03-09T18:00:00","evening","Riyadh","False","MOCK / SYNTHETIC DEMO DATA — SAUDI MARKET"
"syn_txn_0000010","rashid","half_million","coffee","20.23","2023-03-18T19:00:00","evening","Riyadh","False","MOCK / SYNTHETIC DEMO DATA — SAUDI MARKET"
"syn_txn_0000011","rashid","half_million","coffee","20.32","2023-03-20T19:00:00","evening","Riyadh","False","MOCK / SYNTHETIC DEMO DATA — SAUDI MARKET"
"syn_txn_0000012","rashid","half_million","coffee","22.23","2023-03-30T18:00:00","evening","Riyadh","False","MOCK / SYNTHETIC DEMO DATA — SAUDI MARKET"
"syn_txn_0000013","rashid","half_million","coffee","19.95","2023-04-12T20:00:00","evening","Riyadh","False","MOCK / SYNTHETIC DEMO DATA — SAUDI MARKET"
"syn_txn_0000014","rashid","half_million","coffee","25.85","2023-04-27T17:00:00","evening","Riyadh","False","MOCK / SYNTHETIC DEMO DATA — SAUDI MARKET"
"syn_txn_0000015","rashid","half_million","coffee","20.85","2023-05-04T19:00:00","evening","Riyadh","False","MOCK / SYNTHETIC DEMO DATA — SAUDI MARKET"
"syn_txn_0000016","rashid","half_million","coffee","28.8","2023-05-12T19:00:00","evening","Riyadh","False","MOCK / SYNTHETIC DEMO DATA — SAUDI MARKET"
"syn_txn_0000017","rashid","half_million","coffee","24.51","2023-05-20T20:00:00","evening","Riyadh","False","MOCK / SYNTHETIC DEMO DATA — SAUDI MARKET"
"syn_txn_0000018","rashid","half_million","coffee","22.28","2023-06-01T19:00:00","evening","Riyadh","False","MOCK / SYNTHETIC DEMO DATA — SAUDI MARKET"
"syn_txn_0000019","rashid","half_million","coffee","20.92","2023-06-09T20:00:00","evening","Riyadh","False","MOCK / SYNTHETIC DEMO DATA — SAUDI MARKET"
"syn_txn_0000020","rashid","half_million","coffee","25.88","2023-06-16T19:00:00","evening","Riyadh","False","MOCK / SYNTHETIC DEMO DATA — SAUDI MARKET"
"syn_txn_0000021","rashid","half_million","coffee","30.92","2023-06-24T19:00:00","evening","Riyadh","False","MOCK / SYNTHETIC DEMO DATA — SAUDI MARKET"
"syn_txn_0000022","rashid","half_million","coffee","28.07","2023-07-05T18:00:00","evening","Riyadh","False","MOCK / SYNTHETIC DEMO DATA — SAUDI MARKET"
"syn_txn_0000023","rashid","half_million","coffee","25.33","2023-07-14T17:00:00","evening","Riyadh","False","MOCK / SYNTHETIC DEMO DATA — SAUDI MARKET"
"syn_txn_0000024","rashid","half_million","coffee","24.8","2023-07-22T20:00:00","evening","Riyadh","False","MOCK / SYNTHETIC DEMO DATA — SAUDI MARKET"
"syn_txn_0000025","rashid","half_million","coffee","20.12","2023-08-04T19:00:00","evening","Riyadh","False","MOCK / SYNTHETIC DEMO DATA — SAUDI MARKET"
"syn_txn_0000026","rashid","half_million","coffee","28.43","2023-08-12T19:00:00","evening","Riyadh","False","MOCK / SYNTHETIC DEMO DATA — SAUDI MARKET"
"syn_txn_0000027","rashid","half_million","coffee","16.12","2023-08-24T19:00:00","evening","Riyadh","False","MOCK / SYNTHETIC DEMO DATA — SAUDI MARKET"
"syn_txn_0000028","rashid","half_million","coffee","12.77","2023-08-27T19:00:00","evening","Riyadh","False","MOCK / SYNTHETIC DEMO DATA — SAUDI MARKET"
"syn_txn_0000029","rashid","half_million","coffee","26.22","2023-08-31T20:00:00","evening","Riyadh","False","MOCK / SYNTHETIC DEMO DATA — SAUDI MARKET"
"syn_txn_0000030","rashid","half_million","coffee","23.93","2023-09-14T18:00:00","evening","Riyadh","False","MOCK / SYNTHETIC DEMO DATA — SAUDI MARKET"
"syn_txn_0000031","rashid","half_million","coffee","21.65","2023-09-23T19:00:00","evening","Riyadh","False","MOCK / SYNTHETIC DEMO DATA — SAUDI MARKET"
"syn_txn_0000032","rashid","half_million","coffee","19.41","2023-10-05T18:00:00","evening","Riyadh","False","MOCK / SYNTHETIC DEMO DATA — SAUDI MARKET"
"syn_txn_0000033","rashid","half_million","coffee","14.38","2023-10-08T17:00:00","evening","Riyadh","False","MOCK / SYNTHETIC DEMO DATA — SAUDI MARKET"
"syn_txn_0000034","rashid","half_million","coffee","27.24","2023-10-18T20:00:00","evening","Riyadh","False","MOCK / SYNTHETIC DEMO DATA — SAUDI MARKET"
"syn_txn_0000035","rashid","half_million","coffee","23.63","2023-10-27T19:00:00","evening","Riyadh","False","MOCK / SYNTHETIC DEMO DATA — SAUDI MARKET"
"syn_txn_0000036","rashid","half_million","coffee","17.99","2023-11-17T17:00:00","evening","Riyadh","False","MOCK / SYNTHETIC DEMO DATA — SAUDI MARKET"
"syn_txn_0000037","rashid","half_million","coffee","21.06","2023-12-01T18:00:00","evening","Riyadh","False","MOCK / SYNTHETIC DEMO DATA — SAUDI MARKET"
"syn_txn_0000038","rashid","half_million","coffee","16.89","2023-12-08T19:00:00","evening","Riyadh","False","MOCK / SYNTHETIC DEMO DATA — SAUDI MARKET"
"syn_txn_0000039","rashid","half_million","coffee","30.21","2023-12-15T17:00:00","evening","Riyadh","False","MOCK / SYNTHETIC DEMO DATA — SAUDI MARKET"
"syn_txn_0000040","rashid","half_million","coffee","20.45","2024-01-04T19:00:00","evening","Riyadh","False","MOCK / SYNTHETIC DEMO DATA — SAUDI MARKET"
"syn_txn_0000041","rashid","half_million","coffee","16.11","2024-01-14T19:00:00","evening","Riyadh","False","MOCK / SYNTHETIC DEMO DATA — SAUDI MARKET"
"syn_txn_0000042","rashid","half_million","coffee","12.25","2024-01-26T20:00:00","evening","Riyadh","False","MOCK / SYNTHETIC DEMO DATA — SAUDI MARKET"
"syn_txn_0000043","rashid","half_million","coffee","24.22","2024-02-04T19:00:00","evening","Riyadh","False","MOCK / SYNTHETIC DEMO DATA — SAUDI MARKET"
"syn_txn_0000044","rashid","half_million","coffee","25.06","2024-02-17T19:00:00","evening","Riyadh","False","MOCK / SYNTHETIC DEMO DATA — SAUDI MARKET"
"syn_txn_0000045","rashid","half_million","coffee","18.36","2024-03-08T17:00:00","evening","Riyadh","False","MOCK / SYNTHETIC DEMO DATA — SAUDI MARKET"
"syn_txn_0000046","rashid","half_million","coffee","21.01","2024-03-17T20:00:00","evening","Riyadh","False","MOCK / SYNTHETIC DEMO DATA — SAUDI MARKET"
"syn_txn_0000047","rashid","half_million","coffee","22.87","2024-03-29T18:00:00","evening","Riyadh","False","MOCK / SYNTHETIC DEMO DATA — SAUDI MARKET"
"syn_txn_0000048","rashid","half_million","coffee","17.3","2024-04-06T17:00:00","evening","Riyadh","False","MOCK / SYNTHETIC DEMO DATA — SAUDI MARKET"
"syn_txn_0000049","rashid","half_million","coffee","21.06","2024-04-14T18:00:00","evening","Riyadh","False","MOCK / SYNTHETIC DEMO DATA — SAUDI MARKET"
"syn_txn_0000050","rashid","half_million","coffee","15.67","2024-05-04T17:00:00","evening","Riyadh","False","MOCK / SYNTHETIC DEMO DATA — SAUDI MARKET"
"syn_txn_0000051","rashid","half_million","coffee","15.72","2024-05-05T17:00:00","evening","Riyadh","False","MOCK / SYNTHETIC DEMO DATA — SAUDI MARKET"
"syn_txn_0000052","rashid","half_million","coffee","17.25","2024-05-16T17:00:00","evening","Riyadh","False","MOCK / SYNTHETIC DEMO DATA — SAUDI MARKET"
"syn_txn_0000053","rashid","half_million","coffee","29.27","2024-05-25T18:00:00","evening","Riyadh","False","MOCK / SYNTHETIC DEMO DATA — SAUDI MARKET"
"syn_txn_0000054","rashid","half_million","coffee","20.39","2024-06-01T20:00:00","evening","Riyadh","False","MOCK / SYNTHETIC DEMO DATA — SAUDI MARKET"
"syn_txn_0000055","rashid","half_million","coffee","22.69","2024-06-13T17:00:00","evening","Riyadh","False","MOCK / SYNTHETIC DEMO DATA — SAUDI MARKET"
"syn_txn_0000056","rashid","half_million","coffee","14.47","2024-06-22T17:00:00","evening","Riyadh","False","MOCK / SYNTHETIC DEMO DATA — SAUDI MARKET"
"syn_txn_0000057","rashid","half_million","coffee","26.48","2024-07-04T17:00:00","evening","Riyadh","False","MOCK / SYNTHETIC DEMO DATA — SAUDI MARKET"
"syn_txn_0000058","rashid","half_million","coffee","24.06","2024-07-13T20:00:00","evening","Riyadh","False","MOCK / SYNTHETIC DEMO DATA — SAUDI MARKET"
"syn_txn_0000059","rashid","half_million","coffee","15.67","2024-07-26T17:00:00","evening","Riyadh","False","MOCK / SYNTHETIC DEMO DATA — SAUDI MARKET"
"syn_txn_0000060","rashid","half_million","coffee","24.48","2024-08-03T17:00:00","evening","Riyadh","False","MOCK / SYNTHETIC DEMO DATA — SAUDI MARKET"
"syn_txn_0000061","rashid","half_million","coffee","22.52","2024-08-24T20:00:00","evening","Riyadh","False","MOCK / SYNTHETIC DEMO DATA — SAUDI MARKET"
"syn_txn_0000062","rashid","half_million","coffee","17.09","2024-09-07T17:00:00","evening","Riyadh","False","MOCK / SYNTHETIC DEMO DATA — SAUDI MARKET"
"syn_txn_0000063","rashid","half_million","coffee","20.15","2024-09-14T20:00:00","evening","Riyadh","False","MOCK / SYNTHETIC DEMO DATA — SAUDI MARKET"
"syn_txn_0000064","rashid","half_million","coffee","21.77","2024-09-26T20:00:00","evening","Riyadh","False","MOCK / SYNTHETIC DEMO DATA — SAUDI MARKET"
"syn_txn_0000065","rashid","half_million","coffee","21.88","2024-09-29T20:00:00","evening","Riyadh","False","MOCK / SYNTHETIC DEMO DATA — SAUDI MARKET"
"syn_txn_0000066","rashid","half_million","coffee","22.25","2024-10-05T17:00:00","evening","Riyadh","False","MOCK / SYNTHETIC DEMO DATA — SAUDI MARKET"
"syn_txn_0000067","rashid","half_million","coffee","25.58","2024-10-08T17:00:00","evening","Riyadh","False","MOCK / SYNTHETIC DEMO DATA — SAUDI MARKET"
"syn_txn_0000068","rashid","half_million","coffee","17.0","2024-10-16T17:00:00","evening","Riyadh","False","MOCK / SYNTHETIC DEMO DATA — SAUDI MARKET"
"syn_txn_0000069","rashid","half_million","coffee","15.81","2024-10-17T17:00:00","evening","Riyadh","False","MOCK / SYNTHETIC DEMO DATA — SAUDI MARKET"
"syn_txn_0000070","rashid","half_million","coffee","21.55","2024-10-25T20:00:00","evening","Riyadh","False","MOCK / SYNTHETIC DEMO DATA — SAUDI MARKET"
"syn_txn_0000071","rashid","half_million","coffee","27.51","2024-11-07T20:00:00","evening","Riyadh","False","MOCK / SYNTHETIC DEMO DATA — SAUDI MARKET"
"syn_txn_0000072","rashid","half_million","coffee","16.24","2024-11-23T20:00:00","evening","Riyadh","False","MOCK / SYNTHETIC DEMO DATA — SAUDI MARKET"
"syn_txn_0000073","rashid","half_million","coffee","26.82","2024-12-06T20:00:00","evening","Riyadh","False","MOCK / SYNTHETIC DEMO DATA — SAUDI MARKET"
"syn_txn_0000074","rashid","half_million","coffee","22.59","2024-12-08T20:00:00","evening","Riyadh","False","MOCK / SYNTHETIC DEMO DATA — SAUDI MARKET"
"syn_txn_0000075","rashid","half_million","coffee","30.26","2024-12-13T18:00:00","evening","Riyadh","False","MOCK / SYNTHETIC DEMO DATA — SAUDI MARKET"
"syn_txn_0000076","rashid","half_million","coffee","20.46","2024-12-21T19:00:00","evening","Riyadh","False","MOCK / SYNTHETIC DEMO DATA — SAUDI MARKET"
"syn_txn_0000077","rashid","half_million","coffee","28.46","2025-01-02T18:00:00","evening","Riyadh","False","MOCK / SYNTHETIC DEMO DATA — SAUDI MARKET"
"syn_txn_0000078","rashid","half_million","coffee","19.11","2025-01-10T19:00:00","evening","Riyadh","False","MOCK / SYNTHETIC DEMO DATA — SAUDI MARKET"
"syn_txn_0000079","rashid","half_million","coffee","21.15","2025-01-18T19:00:00","evening","Riyadh","False","MOCK / SYNTHETIC DEMO DATA — SAUDI MARKET"
"syn_txn_0000080","rashid","half_million","coffee","29.35","2025-01-31T17:00:00","evening","Riyadh","False","MOCK / SYNTHETIC DEMO DATA — SAUDI MARKET"
"syn_txn_0000081","rashid","half_million","coffee","17.36","2025-02-08T18:00:00","evening","Riyadh","False","MOCK / SYNTHETIC DEMO DATA — SAUDI MARKET"
"syn_txn_0000082","rashid","half_million","coffee","21.24","2025-02-20T17:00:00","evening","Riyadh","False","MOCK / SYNTHETIC DEMO DATA — SAUDI MARKET"
"syn_txn_0000083","rashid","half_million","coffee","22.96","2025-03-05T18:00:00","evening","Riyadh","False","MOCK / SYNTHETIC DEMO DATA — SAUDI MARKET"
"syn_txn_0000084","rashid","half_million","coffee","12.46","2025-03-14T19:00:00","evening","Riyadh","False","MOCK / SYNTHETIC DEMO DATA — SAUDI MARKET"
"syn_txn_0000085","rashid","half_million","coffee","17.59","2025-03-27T20:00:00","evening","Riyadh","False","MOCK / SYNTHETIC DEMO DATA — SAUDI MARKET"
"syn_txn_0000086","rashid","half_million","coffee","23.17","2025-03-29T17:00:00","evening","Riyadh","False","MOCK / SYNTHETIC DEMO DATA — SAUDI MARKET"
"syn_txn_0000087","rashid","half_million","coffee","23.06","2025-04-24T17:00:00","evening","Riyadh","False","MOCK / SYNTHETIC DEMO DATA — SAUDI MARKET"
"syn_txn_0000088","rashid","half_million","coffee","22.81","2025-05-03T20:00:00","evening","Riyadh","False","MOCK / SYNTHETIC DEMO DATA — SAUDI MARKET"
"syn_txn_0000089","rashid","half_million","coffee","18.59","2025-05-09T17:00:00","evening","Riyadh","False","MOCK / SYNTHETIC DEMO DATA — SAUDI MARKET"
"syn_txn_0000090","rashid","half_million","coffee","16.68","2025-05-16T18:00:00","evening","Riyadh","False","MOCK / SYNTHETIC DEMO DATA — SAUDI MARKET"
"syn_txn_0000091","rashid","half_million","coffee","24.86","2025-05-24T18:00:00","evening","Riyadh","False","MOCK / SYNTHETIC DEMO DATA — SAUDI MARKET"
"syn_txn_0000092","rashid","half_million","coffee","23.0","2025-06-05T19:00:00","evening","Riyadh","False","MOCK / SYNTHETIC DEMO DATA — SAUDI MARKET"
"syn_txn_0000093","rashid","half_million","coffee","21.11","2025-06-12T20:00:00","evening","Riyadh","False","MOCK / SYNTHETIC DEMO DATA — SAUDI MARKET"
"syn_txn_0000094","rashid","half_million","coffee","16.41","2025-06-20T19:00:00","evening","Riyadh","False","MOCK / SYNTHETIC DEMO DATA — SAUDI MARKET"
"syn_txn_0000095","rashid","half_million","coffee","21.45","2025-07-11T19:00:00","evening","Riyadh","False","MOCK / SYNTHETIC DEMO DATA — SAUDI MARKET"
"syn_txn_0000096","rashid","half_million","coffee","23.9","2025-07-18T18:00:00","evening","Riyadh","False","MOCK / SYNTHETIC DEMO DATA — SAUDI MARKET"
"syn_txn_0000097","rashid","half_million","coffee","28.46","2025-07-26T17:00:00","evening","Riyadh","False","MOCK / SYNTHETIC DEMO DATA — SAUDI MARKET"
"syn_txn_0000098","rashid","half_million","coffee","17.08","2025-08-16T20:00:00","evening","Riyadh","False","MOCK / SYNTHETIC DEMO DATA — SAUDI MARKET"
"syn_txn_0000099","rashid","half_million","coffee","12.8","2025-08-17T20:00:00","evening","Riyadh","False","MOCK / SYNTHETIC DEMO DATA — SAUDI MARKET"
"syn_txn_0000100","rashid","half_million","coffee","15.63","2025-08-28T17:00:00","evening","Riyadh","False","MOCK / SYNTHETIC DEMO DATA — SAUDI MARKET"
"syn_txn_0000101","rashid","half_million","coffee","16.21","2025-09-08T20:00:00","evening","Riyadh","False","MOCK / SYNTHETIC DEMO DATA — SAUDI MARKET"
"syn_txn_0000102","rashid","half_million","coffee","24.72","2025-09-13T17:00:00","evening","Riyadh","False","MOCK / SYNTHETIC DEMO DATA — SAUDI MARKET"
"syn_txn_0000103","rashid","half_million","coffee","22.72","2025-09-16T17:00:00","evening","Riyadh","False","MOCK / SYNTHETIC DEMO DATA — SAUDI MARKET"
"syn_txn_0000104","rashid","half_million","coffee","25.59","2025-10-04T19:00:00","evening","Riyadh","False","MOCK / SYNTHETIC DEMO DATA — SAUDI MARKET"
"syn_txn_0000105","rashid","half_million","coffee","19.64","2025-10-16T20:00:00","evening","Riyadh","False","MOCK / SYNTHETIC DEMO DATA — SAUDI MARKET"
"syn_txn_0000106","rashid","half_million","coffee","28.63","2025-10-25T19:00:00","evening","Riyadh","False","MOCK / SYNTHETIC DEMO DATA — SAUDI MARKET"
"syn_txn_0000107","rashid","half_million","coffee","22.96","2025-10-26T19:00:00","evening","Riyadh","False","MOCK / SYNTHETIC DEMO DATA — SAUDI MARKET"
"syn_txn_0000108","rashid","half_million","coffee","18.55","2025-11-01T18:00:00","evening","Riyadh","False","MOCK / SYNTHETIC DEMO DATA — SAUDI MARKET"
"syn_txn_0000109","rashid","half_million","coffee","23.91","2025-11-13T18:00:00","evening","Riyadh","False","MOCK / SYNTHETIC DEMO DATA — SAUDI MARKET"
"syn_txn_0000110","rashid","half_million","coffee","22.58","2025-11-20T20:00:00","evening","Riyadh","False","MOCK / SYNTHETIC DEMO DATA — SAUDI MARKET"
"syn_txn_0000111","rashid","half_million","coffee","23.1","2025-11-29T17:00:00","evening","Riyadh","False","MOCK / SYNTHETIC DEMO DATA — SAUDI MARKET"
"syn_txn_0000112","rashid","half_million","coffee","16.33","2025-12-11T20:00:00","evening","Riyadh","False","MOCK / SYNTHETIC DEMO DATA — SAUDI MARKET"
"syn_txn_0000113","rashid","half_million","coffee","15.45","2025-12-17T20:00:00","evening","Riyadh","False","MOCK / SYNTHETIC DEMO DATA — SAUDI MARKET"
"syn_txn_0000114","rashid","half_million","coffee","16.85","2026-01-02T18:00:00","evening","Riyadh","False","MOCK / SYNTHETIC DEMO DATA — SAUDI MARKET"
"syn_txn_0000115","rashid","half_million","coffee","15.48","2026-01-09T17:00:00","evening","Riyadh","False","MOCK / SYNTHETIC DEMO DATA — SAUDI MARKET"
"syn_txn_0000116","rashid","half_million","coffee","28.44","2026-01-31T20:00:00","evening","Riyadh","False","MOCK / SYNTHETIC DEMO DATA — SAUDI MARKET"
"syn_txn_0000117","rashid","half_million","coffee","27.11","2026-02-01T19:00:00","evening","Riyadh","False","MOCK / SYNTHETIC DEMO DATA — SAUDI MARKET"
"syn_txn_0000118","rashid","half_million","coffee","27.92","2026-02-12T20:00:00","evening","Riyadh","False","MOCK / SYNTHETIC DEMO DATA — SAUDI MARKET"
"syn_txn_0000119","rashid","half_million","coffee","26.67","2026-02-21T18:00:00","evening","Riyadh","False","MOCK / SYNTHETIC DEMO DATA — SAUDI MARKET"
"syn_txn_0000120","rashid","half_million","coffee","23.23","2026-03-06T20:00:00","evening","Riyadh","False","MOCK / SYNTHETIC DEMO DATA — SAUDI MARKET"
"syn_txn_0000121","rashid","half_million","coffee","19.55","2026-03-13T17:00:00","evening","Riyadh","False","MOCK / SYNTHETIC DEMO DATA — SAUDI MARKET"
"syn_txn_0000122","rashid","half_million","coffee","12.73","2026-03-21T19:00:00","evening","Riyadh","False","MOCK / SYNTHETIC DEMO DATA — SAUDI MARKET"
"syn_txn_0000123","rashid","half_million","coffee","14.52","2026-03-28T18:00:00","evening","Riyadh","False","MOCK / SYNTHETIC DEMO DATA — SAUDI MARKET"
"syn_txn_0000124","rashid","half_million","coffee","18.7","2026-04-09T20:00:00","evening","Riyadh","False","MOCK / SYNTHETIC DEMO DATA — SAUDI MARKET"
"syn_txn_0000125","rashid","half_million","coffee","24.36","2026-04-21T17:00:00","evening","Riyadh","False","MOCK / SYNTHETIC DEMO DATA — SAUDI MARKET"
"syn_txn_0000126","rashid","half_million","coffee","21.34","2026-04-25T18:00:00","evening","Riyadh","False","MOCK / SYNTHETIC DEMO DATA — SAUDI MARKET"
"syn_txn_0000127","rashid","half_million","coffee","23.51","2026-05-12T18:00:00","evening","Riyadh","False","MOCK / SYNTHETIC DEMO DATA — SAUDI MARKET"
"syn_txn_0000128","rashid","half_million","coffee","17.04","2026-05-24T18:00:00","evening","Riyadh","False","MOCK / SYNTHETIC DEMO DATA — SAUDI MARKET"
"syn_txn_0000129","rashid","half_million","coffee","21.99","2026-06-06T18:00:00","evening","Riyadh","False","MOCK / SYNTHETIC DEMO DATA — SAUDI MARKET"
"syn_txn_0000130","rashid","half_million","coffee","17.09","2026-06-08T18:00:00","evening","Riyadh","False","MOCK / SYNTHETIC DEMO DATA — SAUDI MARKET"
"syn_txn_0000131","rashid","half_million","coffee","14.62","2026-06-19T20:00:00","evening","Riyadh","False","MOCK / SYNTHETIC DEMO DATA — SAUDI MARKET"
"syn_txn_0000132","rashid","half_million","coffee","22.29","2026-06-30T20:00:00","evening","Riyadh","False","MOCK / SYNTHETIC DEMO DATA — SAUDI MARKET"
"syn_txn_0000133","rashid","half_million","coffee","12.3","2026-07-10T17:00:00","evening","Riyadh","False","MOCK / SYNTHETIC DEMO DATA — SAUDI MARKET"
"syn_txn_0000134","rashid","half_million","coffee","25.67","2026-07-17T19:00:00","evening","Riyadh","False","MOCK / SYNTHETIC DEMO DATA — SAUDI MARKET"
"syn_txn_0000135","rashid","half_million","coffee","20.06","2026-07-29T20:00:00","evening","Riyadh","False","MOCK / SYNTHETIC DEMO DATA — SAUDI MARKET"
"syn_txn_0000136","rashid","half_million","coffee","16.05","2026-08-08T18:00:00","evening","Riyadh","False","MOCK / SYNTHETIC DEMO DATA — SAUDI MARKET"
"syn_txn_0000137","rashid","half_million","coffee","22.96","2026-08-19T18:00:00","evening","Riyadh","False","MOCK / SYNTHETIC DEMO DATA — SAUDI MARKET"
"syn_txn_0000138","rashid","half_million","coffee","20.5","2026-08-27T19:00:00","evening","Riyadh","False","MOCK / SYNTHETIC DEMO DATA — SAUDI MARKET"
"syn_txn_0000139","rashid","half_million","coffee","18.0","2026-09-04T19:00:00","evening","Riyadh","False","MOCK / SYNTHETIC DEMO DATA — SAUDI MARKET"
"syn_txn_0000140","rashid","half_million","coffee","23.65","2026-09-12T19:00:00","evening","Riyadh","False","MOCK / SYNTHETIC DEMO DATA — SAUDI MARKET"
"syn_txn_0000141","rashid","barns","coffee","22.78","2023-01-20T18:00:00","evening","Riyadh","False","MOCK / SYNTHETIC DEMO DATA — SAUDI MARKET"
"syn_txn_0000142","rashid","barns","coffee","26.03","2023-01-29T17:00:00","evening","Riyadh","False","MOCK / SYNTHETIC DEMO DATA — SAUDI MARKET"
"syn_txn_0000143","rashid","barns","coffee","16.94","2023-02-11T17:00:00","evening","Riyadh","False","MOCK / SYNTHETIC DEMO DATA — SAUDI MARKET"
"syn_txn_0000144","rashid","barns","coffee","20.5","2023-02-18T17:00:00","evening","Riyadh","False","MOCK / SYNTHETIC DEMO DATA — SAUDI MARKET"
"syn_txn_0000145","rashid","barns","coffee","18.77","2023-03-01T19:00:00","evening","Riyadh","False","MOCK / SYNTHETIC DEMO DATA — SAUDI MARKET"
"syn_txn_0000146","rashid","barns","coffee","20.02","2023-03-07T18:00:00","evening","Riyadh","False","MOCK / SYNTHETIC DEMO DATA — SAUDI MARKET"
"syn_txn_0000147","rashid","barns","coffee","23.66","2023-03-17T17:00:00","evening","Riyadh","False","MOCK / SYNTHETIC DEMO DATA — SAUDI MARKET"
"syn_txn_0000148","rashid","barns","coffee","16.63","2023-03-22T20:00:00","evening","Riyadh","False","MOCK / SYNTHETIC DEMO DATA — SAUDI MARKET"
"syn_txn_0000149","rashid","barns","coffee","19.59","2023-03-24T18:00:00","evening","Riyadh","False","MOCK / SYNTHETIC DEMO DATA — SAUDI MARKET"
"syn_txn_0000150","rashid","barns","coffee","18.25","2023-04-01T19:00:00","evening","Riyadh","False","MOCK / SYNTHETIC DEMO DATA — SAUDI MARKET"
"syn_txn_0000151","rashid","barns","coffee","14.73","2023-04-08T20:00:00","evening","Riyadh","False","MOCK / SYNTHETIC DEMO DATA — SAUDI MARKET"
"syn_txn_0000152","rashid","barns","coffee","25.85","2023-04-17T20:00:00","evening","Riyadh","False","MOCK / SYNTHETIC DEMO DATA — SAUDI MARKET"
"syn_txn_0000153","rashid","barns","coffee","19.16","2023-04-20T20:00:00","evening","Riyadh","False","MOCK / SYNTHETIC DEMO DATA — SAUDI MARKET"
"syn_txn_0000154","rashid","barns","coffee","24.37","2023-04-27T20:00:00","evening","Riyadh","False","MOCK / SYNTHETIC DEMO DATA — SAUDI MARKET"
"syn_txn_0000155","rashid","barns","coffee","22.39","2023-04-28T20:00:00","evening","Riyadh","False","MOCK / SYNTHETIC DEMO DATA — SAUDI MARKET"
"syn_txn_0000156","rashid","barns","coffee","15.76","2023-05-05T19:00:00","evening","Riyadh","False","MOCK / SYNTHETIC DEMO DATA — SAUDI MARKET"
"syn_txn_0000157","rashid","barns","coffee","21.66","2023-05-13T17:00:00","evening","Riyadh","False","MOCK / SYNTHETIC DEMO DATA — SAUDI MARKET"
"syn_txn_0000158","rashid","barns","coffee","32.07","2023-05-21T17:00:00","evening","Riyadh","False","MOCK / SYNTHETIC DEMO DATA — SAUDI MARKET"
"syn_txn_0000159","rashid","barns","coffee","19.18","2023-06-09T20:00:00","evening","Riyadh","False","MOCK / SYNTHETIC DEMO DATA — SAUDI MARKET"
"syn_txn_0000160","rashid","barns","coffee","16.98","2023-06-16T18:00:00","evening","Riyadh","False","MOCK / SYNTHETIC DEMO DATA — SAUDI MARKET"
"syn_txn_0000161","rashid","barns","coffee","26.31","2023-06-23T19:00:00","evening","Riyadh","False","MOCK / SYNTHETIC DEMO DATA — SAUDI MARKET"
"syn_txn_0000162","rashid","barns","coffee","17.16","2023-07-01T19:00:00","evening","Riyadh","False","MOCK / SYNTHETIC DEMO DATA — SAUDI MARKET"
"syn_txn_0000163","rashid","barns","coffee","24.39","2023-07-06T20:00:00","evening","Riyadh","False","MOCK / SYNTHETIC DEMO DATA — SAUDI MARKET"
"syn_txn_0000164","rashid","barns","coffee","18.17","2023-07-14T20:00:00","evening","Riyadh","False","MOCK / SYNTHETIC DEMO DATA — SAUDI MARKET"
"syn_txn_0000165","rashid","barns","coffee","20.15","2023-07-27T18:00:00","evening","Riyadh","False","MOCK / SYNTHETIC DEMO DATA — SAUDI MARKET"
"syn_txn_0000166","rashid","barns","coffee","16.78","2023-07-29T18:00:00","evening","Riyadh","False","MOCK / SYNTHETIC DEMO DATA — SAUDI MARKET"
"syn_txn_0000167","rashid","barns","coffee","21.02","2023-08-03T19:00:00","evening","Riyadh","False","MOCK / SYNTHETIC DEMO DATA — SAUDI MARKET"
"syn_txn_0000168","rashid","barns","coffee","23.8","2023-08-11T17:00:00","evening","Riyadh","False","MOCK / SYNTHETIC DEMO DATA — SAUDI MARKET"
"syn_txn_0000169","rashid","barns","coffee","22.86","2023-08-19T18:00:00","evening","Riyadh","False","MOCK / SYNTHETIC DEMO DATA — SAUDI MARKET"
"syn_txn_0000170","rashid","barns","coffee","21.09","2023-08-31T19:00:00","evening","Riyadh","False","MOCK / SYNTHETIC DEMO DATA — SAUDI MARKET"
"syn_txn_0000171","rashid","barns","coffee","18.1","2023-09-07T17:00:00","evening","Riyadh","False","MOCK / SYNTHETIC DEMO DATA — SAUDI MARKET"
"syn_txn_0000172","rashid","barns","coffee","24.46","2023-09-22T17:00:00","evening","Riyadh","False","MOCK / SYNTHETIC DEMO DATA — SAUDI MARKET"
"syn_txn_0000173","rashid","barns","coffee","27.38","2023-09-25T17:00:00","evening","Riyadh","False","MOCK / SYNTHETIC DEMO DATA — SAUDI MARKET"
"syn_txn_0000174","rashid","barns","coffee","22.43","2023-09-30T18:00:00","evening","Riyadh","False","MOCK / SYNTHETIC DEMO DATA — SAUDI MARKET"
"syn_txn_0000175","rashid","barns","coffee","17.49","2023-10-12T17:00:00","evening","Riyadh","False","MOCK / SYNTHETIC DEMO DATA — SAUDI MARKET"
"syn_txn_0000176","rashid","barns","coffee","15.5","2023-10-20T19:00:00","evening","Riyadh","False","MOCK / SYNTHETIC DEMO DATA — SAUDI MARKET"
"syn_txn_0000177","rashid","barns","coffee","23.34","2023-11-02T17:00:00","evening","Riyadh","False","MOCK / SYNTHETIC DEMO DATA — SAUDI MARKET"
"syn_txn_0000178","rashid","barns","coffee","15.78","2023-11-10T20:00:00","evening","Riyadh","False","MOCK / SYNTHETIC DEMO DATA — SAUDI MARKET"
"syn_txn_0000179","rashid","barns","coffee","21.0","2023-11-18T20:00:00","evening","Riyadh","False","MOCK / SYNTHETIC DEMO DATA — SAUDI MARKET"
"syn_txn_0000180","rashid","barns","coffee","25.48","2023-11-24T20:00:00","evening","Riyadh","False","MOCK / SYNTHETIC DEMO DATA — SAUDI MARKET"
"syn_txn_0000181","rashid","barns","coffee","21.25","2023-12-02T17:00:00","evening","Riyadh","False","MOCK / SYNTHETIC DEMO DATA — SAUDI MARKET"
"syn_txn_0000182","rashid","barns","coffee","21.94","2023-12-08T18:00:00","evening","Riyadh","False","MOCK / SYNTHETIC DEMO DATA — SAUDI MARKET"
"syn_txn_0000183","rashid","barns","coffee","18.09","2023-12-16T20:00:00","evening","Riyadh","False","MOCK / SYNTHETIC DEMO DATA — SAUDI MARKET"
"syn_txn_0000184","rashid","barns","coffee","23.78","2023-12-29T18:00:00","evening","Riyadh","False","MOCK / SYNTHETIC DEMO DATA — SAUDI MARKET"
"syn_txn_0000185","rashid","barns","coffee","13.97","2024-01-07T17:00:00","evening","Riyadh","False","MOCK / SYNTHETIC DEMO DATA — SAUDI MARKET"
"syn_txn_0000186","rashid","barns","coffee","23.27","2024-01-13T20:00:00","evening","Riyadh","False","MOCK / SYNTHETIC DEMO DATA — SAUDI MARKET"
"syn_txn_0000187","rashid","barns","coffee","17.25","2024-01-20T20:00:00","evening","Riyadh","False","MOCK / SYNTHETIC DEMO DATA — SAUDI MARKET"
"syn_txn_0000188","rashid","barns","coffee","17.48","2024-02-02T19:00:00","evening","Riyadh","False","MOCK / SYNTHETIC DEMO DATA — SAUDI MARKET"
"syn_txn_0000189","rashid","barns","coffee","17.7","2024-02-05T19:00:00","evening","Riyadh","False","MOCK / SYNTHETIC DEMO DATA — SAUDI MARKET"
"syn_txn_0000190","rashid","barns","coffee","18.37","2024-02-09T20:00:00","evening","Riyadh","False","MOCK / SYNTHETIC DEMO DATA — SAUDI MARKET"
"syn_txn_0000191","rashid","barns","coffee","20.4","2024-02-16T20:00:00","evening","Riyadh","False","MOCK / SYNTHETIC DEMO DATA — SAUDI MARKET"
"syn_txn_0000192","rashid","barns","coffee","24.96","2024-02-24T20:00:00","evening","Riyadh","False","MOCK / SYNTHETIC DEMO DATA — SAUDI MARKET"
"syn_txn_0000193","rashid","barns","coffee","21.57","2024-03-02T17:00:00","evening","Riyadh","False","MOCK / SYNTHETIC DEMO DATA — SAUDI MARKET"
"syn_txn_0000194","rashid","barns","coffee","21.71","2024-03-13T17:00:00","evening","Riyadh","False","MOCK / SYNTHETIC DEMO DATA — SAUDI MARKET"
"syn_txn_0000195","rashid","barns","coffee","20.28","2024-03-21T18:00:00","evening","Riyadh","False","MOCK / SYNTHETIC DEMO DATA — SAUDI MARKET"
"syn_txn_0000196","rashid","barns","coffee","24.4","2024-03-29T20:00:00","evening","Riyadh","False","MOCK / SYNTHETIC DEMO DATA — SAUDI MARKET"
"syn_txn_0000197","rashid","barns","coffee","10.28","2024-04-06T20:00:00","evening","Riyadh","False","MOCK / SYNTHETIC DEMO DATA — SAUDI MARKET"
"syn_txn_0000198","rashid","barns","coffee","22.9","2024-04-18T20:00:00","evening","Riyadh","False","MOCK / SYNTHETIC DEMO DATA — SAUDI MARKET"
"syn_txn_0000199","rashid","barns","coffee","18.04","2024-04-25T20:00:00","evening","Riyadh","False","MOCK / SYNTHETIC DEMO DATA — SAUDI MARKET"
"syn_txn_0000200","rashid","barns","coffee","17.61","2024-04-26T20:00:00","evening","Riyadh","False","MOCK / SYNTHETIC DEMO DATA — SAUDI MARKET"
"syn_txn_0000201","rashid","barns","coffee","15.48","2024-05-02T19:00:00","evening","Riyadh","False","MOCK / SYNTHETIC DEMO DATA — SAUDI MARKET"
"syn_txn_0000202","rashid","barns","coffee","16.75","2024-05-13T17:00:00","evening","Riyadh","False","MOCK / SYNTHETIC DEMO DATA — SAUDI MARKET"
"syn_txn_0000203","rashid","barns","coffee","25.98","2024-05-17T17:00:00","evening","Riyadh","False","MOCK / SYNTHETIC DEMO DATA — SAUDI MARKET"
"syn_txn_0000204","rashid","barns","coffee","22.81","2024-05-23T20:00:00","evening","Riyadh","False","MOCK / SYNTHETIC DEMO DATA — SAUDI MARKET"
"syn_txn_0000205","rashid","barns","coffee","21.49","2024-05-30T18:00:00","evening","Riyadh","False","MOCK / SYNTHETIC DEMO DATA — SAUDI MARKET"
"syn_txn_0000206","rashid","barns","coffee","17.16","2024-06-07T18:00:00","evening","Riyadh","False","MOCK / SYNTHETIC DEMO DATA — SAUDI MARKET"
"syn_txn_0000207","rashid","barns","coffee","19.53","2024-06-14T20:00:00","evening","Riyadh","False","MOCK / SYNTHETIC DEMO DATA — SAUDI MARKET"
"syn_txn_0000208","rashid","barns","coffee","16.44","2024-07-03T19:00:00","evening","Riyadh","False","MOCK / SYNTHETIC DEMO DATA — SAUDI MARKET"
"syn_txn_0000209","rashid","barns","coffee","17.25","2024-07-07T20:00:00","evening","Riyadh","False","MOCK / SYNTHETIC DEMO DATA — SAUDI MARKET"
"syn_txn_0000210","rashid","barns","coffee","18.6","2024-07-18T20:00:00","evening","Riyadh","False","MOCK / SYNTHETIC DEMO DATA — SAUDI MARKET"
"syn_txn_0000211","rashid","barns","coffee","18.07","2024-07-26T17:00:00","evening","Riyadh","False","MOCK / SYNTHETIC DEMO DATA — SAUDI MARKET"
"syn_txn_0000212","rashid","barns","coffee","17.6","2024-07-27T17:00:00","evening","Riyadh","False","MOCK / SYNTHETIC DEMO DATA — SAUDI MARKET"
"syn_txn_0000213","rashid","barns","coffee","22.87","2024-08-03T18:00:00","evening","Riyadh","False","MOCK / SYNTHETIC DEMO DATA — SAUDI MARKET"
"syn_txn_0000214","rashid","barns","coffee","20.82","2024-08-09T18:00:00","evening","Riyadh","False","MOCK / SYNTHETIC DEMO DATA — SAUDI MARKET"
"syn_txn_0000215","rashid","barns","coffee","16.42","2024-08-12T18:00:00","evening","Riyadh","False","MOCK / SYNTHETIC DEMO DATA — SAUDI MARKET"
"syn_txn_0000216","rashid","barns","coffee","10.4","2024-08-22T19:00:00","evening","Riyadh","False","MOCK / SYNTHETIC DEMO DATA — SAUDI MARKET"
"syn_txn_0000217","rashid","barns","coffee","22.58","2024-08-29T20:00:00","evening","Riyadh","False","MOCK / SYNTHETIC DEMO DATA — SAUDI MARKET"
"syn_txn_0000218","rashid","barns","coffee","13.99","2024-09-07T20:00:00","evening","Riyadh","False","MOCK / SYNTHETIC DEMO DATA — SAUDI MARKET"
"syn_txn_0000219","rashid","barns","coffee","18.0","2024-09-11T17:00:00","evening","Riyadh","False","MOCK / SYNTHETIC DEMO DATA — SAUDI MARKET"
"syn_txn_0000220","rashid","barns","coffee","18.48","2024-09-27T20:00:00","evening","Riyadh","False","MOCK / SYNTHETIC DEMO DATA — SAUDI MARKET"
"syn_txn_0000221","rashid","barns","coffee","18.63","2024-10-03T18:00:00","evening","Riyadh","False","MOCK / SYNTHETIC DEMO DATA — SAUDI MARKET"
"syn_txn_0000222","rashid","barns","coffee","20.13","2024-10-11T18:00:00","evening","Riyadh","False","MOCK / SYNTHETIC DEMO DATA — SAUDI MARKET"
"syn_txn_0000223","rashid","barns","coffee","23.36","2024-10-23T20:00:00","evening","Riyadh","False","MOCK / SYNTHETIC DEMO DATA — SAUDI MARKET"
"syn_txn_0000224","rashid","barns","coffee","21.76","2024-10-31T18:00:00","evening","Riyadh","False","MOCK / SYNTHETIC DEMO DATA — SAUDI MARKET"
"syn_txn_0000225","rashid","barns","coffee","20.95","2024-11-14T17:00:00","evening","Riyadh","False","MOCK / SYNTHETIC DEMO DATA — SAUDI MARKET"
"syn_txn_0000226","rashid","barns","coffee","17.1","2024-11-16T17:00:00","evening","Riyadh","False","MOCK / SYNTHETIC DEMO DATA — SAUDI MARKET"
"syn_txn_0000227","rashid","barns","coffee","13.78","2024-11-23T20:00:00","evening","Riyadh","False","MOCK / SYNTHETIC DEMO DATA — SAUDI MARKET"
"syn_txn_0000228","rashid","barns","coffee","17.42","2024-12-01T17:00:00","evening","Riyadh","False","MOCK / SYNTHETIC DEMO DATA — SAUDI MARKET"
"syn_txn_0000229","rashid","barns","coffee","24.79","2024-12-07T17:00:00","evening","Riyadh","False","MOCK / SYNTHETIC DEMO DATA — SAUDI MARKET"
"syn_txn_0000230","rashid","barns","coffee","21.12","2024-12-19T18:00:00","evening","Riyadh","False","MOCK / SYNTHETIC DEMO DATA — SAUDI MARKET"
"syn_txn_0000231","rashid","barns","coffee","24.54","2024-12-29T20:00:00","evening","Riyadh","False","MOCK / SYNTHETIC DEMO DATA — SAUDI MARKET"
"syn_txn_0000232","rashid","barns","coffee","21.6","2025-01-02T19:00:00","evening","Riyadh","False","MOCK / SYNTHETIC DEMO DATA — SAUDI MARKET"
"syn_txn_0000233","rashid","barns","coffee","19.56","2025-01-11T17:00:00","evening","Riyadh","False","MOCK / SYNTHETIC DEMO DATA — SAUDI MARKET"
"syn_txn_0000234","rashid","barns","coffee","24.71","2025-01-17T19:00:00","evening","Riyadh","False","MOCK / SYNTHETIC DEMO DATA — SAUDI MARKET"
"syn_txn_0000235","rashid","barns","coffee","16.77","2025-01-25T18:00:00","evening","Riyadh","False","MOCK / SYNTHETIC DEMO DATA — SAUDI MARKET"
"syn_txn_0000236","rashid","barns","coffee","18.61","2025-02-07T20:00:00","evening","Riyadh","False","MOCK / SYNTHETIC DEMO DATA — SAUDI MARKET"
"syn_txn_0000237","rashid","barns","coffee","22.63","2025-02-27T19:00:00","evening","Riyadh","False","MOCK / SYNTHETIC DEMO DATA — SAUDI MARKET"
"syn_txn_0000238","rashid","barns","coffee","29.87","2025-03-02T19:00:00","evening","Riyadh","False","MOCK / SYNTHETIC DEMO DATA — SAUDI MARKET"
"syn_txn_0000239","rashid","barns","coffee","22.61","2025-03-07T19:00:00","evening","Riyadh","False","MOCK / SYNTHETIC DEMO DATA — SAUDI MARKET"
"syn_txn_0000240","rashid","barns","coffee","18.66","2025-03-14T17:00:00","evening","Riyadh","False","MOCK / SYNTHETIC DEMO DATA — SAUDI MARKET"
"syn_txn_0000241","rashid","barns","coffee","20.87","2025-03-21T20:00:00","evening","Riyadh","False","MOCK / SYNTHETIC DEMO DATA — SAUDI MARKET"
"syn_txn_0000242","rashid","barns","coffee","22.36","2025-03-28T17:00:00","evening","Riyadh","False","MOCK / SYNTHETIC DEMO DATA — SAUDI MARKET"
"syn_txn_0000243","rashid","barns","coffee","17.42","2025-04-05T20:00:00","evening","Riyadh","False","MOCK / SYNTHETIC DEMO DATA — SAUDI MARKET"
"syn_txn_0000244","rashid","barns","coffee","23.07","2025-04-12T18:00:00","evening","Riyadh","False","MOCK / SYNTHETIC DEMO DATA — SAUDI MARKET"
"syn_txn_0000245","rashid","barns","coffee","19.17","2025-04-25T17:00:00","evening","Riyadh","False","MOCK / SYNTHETIC DEMO DATA — SAUDI MARKET"
"syn_txn_0000246","rashid","barns","coffee","17.78","2025-05-02T20:00:00","evening","Riyadh","False","MOCK / SYNTHETIC DEMO DATA — SAUDI MARKET"
"syn_txn_0000247","rashid","barns","coffee","23.65","2025-05-11T20:00:00","evening","Riyadh","False","MOCK / SYNTHETIC DEMO DATA — SAUDI MARKET"
"syn_txn_0000248","rashid","barns","coffee","28.59","2025-05-22T18:00:00","evening","Riyadh","False","MOCK / SYNTHETIC DEMO DATA — SAUDI MARKET"
"syn_txn_0000249","rashid","barns","coffee","16.08","2025-06-07T19:00:00","evening","Riyadh","False","MOCK / SYNTHETIC DEMO DATA — SAUDI MARKET"
"syn_txn_0000250","rashid","barns","coffee","11.25","2025-06-18T18:00:00","evening","Riyadh","False","MOCK / SYNTHETIC DEMO DATA — SAUDI MARKET"
"syn_txn_0000393","rashid","panda","grocery","124.4","2023-01-20T20:00:00","evening","Riyadh","True","MOCK / SYNTHETIC DEMO DATA — SAUDI MARKET"
"syn_txn_0000394","rashid","panda","grocery","92.99","2023-01-30T19:00:00","evening","Riyadh","True","MOCK / SYNTHETIC DEMO DATA — SAUDI MARKET"
"syn_txn_0000395","rashid","panda","grocery","85.36","2023-02-12T17:00:00","evening","Riyadh","True","MOCK / SYNTHETIC DEMO DATA — SAUDI MARKET"
"syn_txn_0000396","rashid","panda","grocery","143.09","2023-03-14T18:00:00","evening","Riyadh","True","MOCK / SYNTHETIC DEMO DATA — SAUDI MARKET"
"syn_txn_0000397","rashid","panda","grocery","147.81","2023-03-26T17:00:00","evening","Riyadh","True","MOCK / SYNTHETIC DEMO DATA — SAUDI MARKET"
"syn_txn_0000398","rashid","panda","grocery","97.77","2023-04-15T18:00:00","evening","Riyadh","True","MOCK / SYNTHETIC DEMO DATA — SAUDI MARKET"
"syn_txn_0000399","rashid","panda","grocery","124.16","2023-05-08T20:00:00","evening","Riyadh","True","MOCK / SYNTHETIC DEMO DATA — SAUDI MARKET"
"syn_txn_0000400","rashid","panda","grocery","82.86","2023-05-21T17:00:00","evening","Riyadh","True","MOCK / SYNTHETIC DEMO DATA — SAUDI MARKET"
"syn_txn_0000401","rashid","panda","grocery","99.09","2023-06-17T20:00:00","evening","Riyadh","True","MOCK / SYNTHETIC DEMO DATA — SAUDI MARKET"
"syn_txn_0000402","rashid","panda","grocery","118.93","2023-07-02T17:00:00","evening","Riyadh","True","MOCK / SYNTHETIC DEMO DATA — SAUDI MARKET"
"syn_txn_0000403","rashid","panda","grocery","101.0","2023-07-15T20:00:00","evening","Riyadh","True","MOCK / SYNTHETIC DEMO DATA — SAUDI MARKET"
"syn_txn_0000404","rashid","panda","grocery","173.32","2023-07-26T18:00:00","evening","Riyadh","True","MOCK / SYNTHETIC DEMO DATA — SAUDI MARKET"
"syn_txn_0000405","rashid","panda","grocery","106.52","2023-07-30T18:00:00","evening","Riyadh","True","MOCK / SYNTHETIC DEMO DATA — SAUDI MARKET"
"syn_txn_0000406","rashid","panda","grocery","121.75","2023-08-14T18:00:00","evening","Riyadh","True","MOCK / SYNTHETIC DEMO DATA — SAUDI MARKET"
"syn_txn_0000407","rashid","panda","grocery","148.95","2023-08-27T19:00:00","evening","Riyadh","True","MOCK / SYNTHETIC DEMO DATA — SAUDI MARKET"
"syn_txn_0000408","rashid","panda","grocery","99.74","2023-09-09T20:00:00","evening","Riyadh","True","MOCK / SYNTHETIC DEMO DATA — SAUDI MARKET"
"syn_txn_0000409","rashid","panda","grocery","87.88","2023-09-17T18:00:00","evening","Riyadh","True","MOCK / SYNTHETIC DEMO DATA — SAUDI MARKET"
"syn_txn_0000410","rashid","panda","grocery","125.45","2023-10-02T18:00:00","evening","Riyadh","True","MOCK / SYNTHETIC DEMO DATA — SAUDI MARKET"
"syn_txn_0000411","rashid","panda","grocery","111.15","2023-10-08T20:00:00","evening","Riyadh","True","MOCK / SYNTHETIC DEMO DATA — SAUDI MARKET"
"syn_txn_0000412","rashid","panda","grocery","114.17","2023-10-14T18:00:00","evening","Riyadh","True","MOCK / SYNTHETIC DEMO DATA — SAUDI MARKET"
"syn_txn_0000413","rashid","panda","grocery","154.17","2023-10-29T19:00:00","evening","Riyadh","True","MOCK / SYNTHETIC DEMO DATA — SAUDI MARKET"
"syn_txn_0000414","rashid","panda","grocery","148.92","2023-11-06T18:00:00","evening","Riyadh","True","MOCK / SYNTHETIC DEMO DATA — SAUDI MARKET"
"syn_txn_0000415","rashid","panda","grocery","143.89","2023-11-25T19:00:00","evening","Riyadh","True","MOCK / SYNTHETIC DEMO DATA — SAUDI MARKET"
"syn_txn_0000416","rashid","panda","grocery","147.23","2023-12-10T19:00:00","evening","Riyadh","True","MOCK / SYNTHETIC DEMO DATA — SAUDI MARKET"
"syn_txn_0000417","rashid","panda","grocery","125.92","2023-12-24T20:00:00","evening","Riyadh","True","MOCK / SYNTHETIC DEMO DATA — SAUDI MARKET"
"syn_txn_0000418","rashid","panda","grocery","116.59","2024-01-06T20:00:00","evening","Riyadh","True","MOCK / SYNTHETIC DEMO DATA — SAUDI MARKET"
"syn_txn_0000419","rashid","panda","grocery","100.87","2024-02-03T20:00:00","evening","Riyadh","True","MOCK / SYNTHETIC DEMO DATA — SAUDI MARKET"
"syn_txn_0000420","rashid","panda","grocery","168.84","2024-03-02T20:00:00","evening","Riyadh","True","MOCK / SYNTHETIC DEMO DATA — SAUDI MARKET"
"syn_txn_0000421","rashid","panda","grocery","141.56","2024-03-23T19:00:00","evening","Riyadh","True","MOCK / SYNTHETIC DEMO DATA — SAUDI MARKET"
"syn_txn_0000422","rashid","panda","grocery","126.94","2024-04-16T17:00:00","evening","Riyadh","True","MOCK / SYNTHETIC DEMO DATA — SAUDI MARKET"
"syn_txn_0000423","rashid","panda","grocery","98.11","2024-04-26T20:00:00","evening","Riyadh","True","MOCK / SYNTHETIC DEMO DATA — SAUDI MARKET"
"syn_txn_0000424","rashid","panda","grocery","143.79","2024-05-06T18:00:00","evening","Riyadh","True","MOCK / SYNTHETIC DEMO DATA — SAUDI MARKET"
"syn_txn_0000425","rashid","panda","grocery","140.25","2024-05-18T20:00:00","evening","Riyadh","True","MOCK / SYNTHETIC DEMO DATA — SAUDI MARKET"
"syn_txn_0000426","rashid","panda","grocery","98.88","2024-06-02T17:00:00","evening","Riyadh","True","MOCK / SYNTHETIC DEMO DATA — SAUDI MARKET"
"syn_txn_0000427","rashid","panda","grocery","148.58","2024-06-30T17:00:00","evening","Riyadh","True","MOCK / SYNTHETIC DEMO DATA — SAUDI MARKET"
"syn_txn_0000428","rashid","panda","grocery","106.53","2024-07-13T17:00:00","evening","Riyadh","True","MOCK / SYNTHETIC DEMO DATA — SAUDI MARKET"
"syn_txn_0000429","rashid","panda","grocery","117.45","2024-08-04T19:00:00","evening","Riyadh","True","MOCK / SYNTHETIC DEMO DATA — SAUDI MARKET"
"syn_txn_0000430","rashid","panda","grocery","145.68","2024-08-24T18:00:00","evening","Riyadh","True","MOCK / SYNTHETIC DEMO DATA — SAUDI MARKET"
"syn_txn_0000431","rashid","panda","grocery","139.93","2024-09-07T19:00:00","evening","Riyadh","True","MOCK / SYNTHETIC DEMO DATA — SAUDI MARKET"
"syn_txn_0000432","rashid","panda","grocery","160.73","2024-09-21T20:00:00","evening","Riyadh","True","MOCK / SYNTHETIC DEMO DATA — SAUDI MARKET"
"syn_txn_0000433","rashid","panda","grocery","134.43","2024-09-30T20:00:00","evening","Riyadh","True","MOCK / SYNTHETIC DEMO DATA — SAUDI MARKET"
"syn_txn_0000434","rashid","panda","grocery","113.53","2024-10-13T17:00:00","evening","Riyadh","True","MOCK / SYNTHETIC DEMO DATA — SAUDI MARKET"
"syn_txn_0000435","rashid","panda","grocery","158.37","2024-10-28T20:00:00","evening","Riyadh","True","MOCK / SYNTHETIC DEMO DATA — SAUDI MARKET"
"syn_txn_0000436","rashid","panda","grocery","188.5","2024-11-24T19:00:00","evening","Riyadh","True","MOCK / SYNTHETIC DEMO DATA — SAUDI MARKET"
"syn_txn_0000437","rashid","panda","grocery","130.88","2024-12-07T18:00:00","evening","Riyadh","True","MOCK / SYNTHETIC DEMO DATA — SAUDI MARKET"
"syn_txn_0000438","rashid","panda","grocery","132.45","2024-12-21T18:00:00","evening","Riyadh","True","MOCK / SYNTHETIC DEMO DATA — SAUDI MARKET"
"syn_txn_0000439","rashid","panda","grocery","169.66","2024-12-28T19:00:00","evening","Riyadh","True","MOCK / SYNTHETIC DEMO DATA — SAUDI MARKET"
"syn_txn_0000440","rashid","panda","grocery","116.8","2025-01-06T18:00:00","evening","Riyadh","True","MOCK / SYNTHETIC DEMO DATA — SAUDI MARKET"
"syn_txn_0000441","rashid","panda","grocery","157.83","2025-01-22T18:00:00","evening","Riyadh","True","MOCK / SYNTHETIC DEMO DATA — SAUDI MARKET"
"syn_txn_0000442","rashid","panda","grocery","110.92","2025-02-03T18:00:00","evening","Riyadh","True","MOCK / SYNTHETIC DEMO DATA — SAUDI MARKET"
"syn_txn_0000443","rashid","panda","grocery","112.55","2025-02-16T18:00:00","evening","Riyadh","True","MOCK / SYNTHETIC DEMO DATA — SAUDI MARKET"
"syn_txn_0000444","rashid","panda","grocery","54.29","2025-03-02T20:00:00","evening","Riyadh","True","MOCK / SYNTHETIC DEMO DATA — SAUDI MARKET"
"syn_txn_0000445","rashid","panda","grocery","181.37","2025-03-15T19:00:00","evening","Riyadh","True","MOCK / SYNTHETIC DEMO DATA — SAUDI MARKET"
"syn_txn_0000446","rashid","panda","grocery","131.53","2025-03-30T19:00:00","evening","Riyadh","True","MOCK / SYNTHETIC DEMO DATA — SAUDI MARKET"
"syn_txn_0000447","rashid","panda","grocery","181.41","2025-04-14T19:00:00","evening","Riyadh","True","MOCK / SYNTHETIC DEMO DATA — SAUDI MARKET"
"syn_txn_0000448","rashid","panda","grocery","112.5","2025-04-29T19:00:00","evening","Riyadh","True","MOCK / SYNTHETIC DEMO DATA — SAUDI MARKET"
"syn_txn_0000449","rashid","panda","grocery","136.58","2025-05-16T18:00:00","evening","Riyadh","True","MOCK / SYNTHETIC DEMO DATA — SAUDI MARKET"
"syn_txn_0000450","rashid","panda","grocery","139.32","2025-05-29T19:00:00","evening","Riyadh","True","MOCK / SYNTHETIC DEMO DATA — SAUDI MARKET"
"syn_txn_0000451","rashid","panda","grocery","184.7","2025-06-17T18:00:00","evening","Riyadh","True","MOCK / SYNTHETIC DEMO DATA — SAUDI MARKET"
"syn_txn_0000452","rashid","panda","grocery","170.97","2025-06-29T20:00:00","evening","Riyadh","True","MOCK / SYNTHETIC DEMO DATA — SAUDI MARKET"
"syn_txn_0000453","rashid","panda","grocery","128.68","2025-07-14T18:00:00","evening","Riyadh","True","MOCK / SYNTHETIC DEMO DATA — SAUDI MARKET"
"syn_txn_0000454","rashid","panda","grocery","85.18","2025-08-10T17:00:00","evening","Riyadh","True","MOCK / SYNTHETIC DEMO DATA — SAUDI MARKET"
"syn_txn_0000455","rashid","panda","grocery","148.3","2025-08-24T18:00:00","evening","Riyadh","True","MOCK / SYNTHETIC DEMO DATA — SAUDI MARKET"
"syn_txn_0000456","rashid","panda","grocery","163.54","2025-09-07T19:00:00","evening","Riyadh","True","MOCK / SYNTHETIC DEMO DATA — SAUDI MARKET"
"syn_txn_0000457","rashid","panda","grocery","113.41","2025-10-05T17:00:00","evening","Riyadh","True","MOCK / SYNTHETIC DEMO DATA — SAUDI MARKET"
"syn_txn_0000458","rashid","panda","grocery","114.48","2025-10-19T19:00:00","evening","Riyadh","True","MOCK / SYNTHETIC DEMO DATA — SAUDI MARKET"
"syn_txn_0000459","rashid","panda","grocery","96.08","2025-11-02T20:00:00","evening","Riyadh","True","MOCK / SYNTHETIC DEMO DATA — SAUDI MARKET"
"syn_txn_0000460","rashid","panda","grocery","111.57","2025-11-15T19:00:00","evening","Riyadh","True","MOCK / SYNTHETIC DEMO DATA — SAUDI MARKET"
"syn_txn_0000461","rashid","panda","grocery","129.43","2025-12-01T20:00:00","evening","Riyadh","True","MOCK / SYNTHETIC DEMO DATA — SAUDI MARKET"
"syn_txn_0000462","rashid","panda","grocery","132.85","2025-12-14T18:00:00","evening","Riyadh","True","MOCK / SYNTHETIC DEMO DATA — SAUDI MARKET"
"syn_txn_0000463","rashid","panda","grocery","111.04","2025-12-27T20:00:00","evening","Riyadh","True","MOCK / SYNTHETIC DEMO DATA — SAUDI MARKET"
"syn_txn_0000464","rashid","panda","grocery","87.08","2026-01-02T19:00:00","evening","Riyadh","True","MOCK / SYNTHETIC DEMO DATA — SAUDI MARKET"
"syn_txn_0000465","rashid","panda","grocery","79.35","2026-01-16T18:00:00","evening","Riyadh","True","MOCK / SYNTHETIC DEMO DATA — SAUDI MARKET"
"syn_txn_0000466","rashid","panda","grocery","112.93","2026-02-09T20:00:00","evening","Riyadh","True","MOCK / SYNTHETIC DEMO DATA — SAUDI MARKET"
"syn_txn_0000467","rashid","panda","grocery","160.01","2026-02-15T20:00:00","evening","Riyadh","True","MOCK / SYNTHETIC DEMO DATA — SAUDI MARKET"
"syn_txn_0000468","rashid","panda","grocery","131.77","2026-03-01T17:00:00","evening","Riyadh","True","MOCK / SYNTHETIC DEMO DATA — SAUDI MARKET"
"syn_txn_0000469","rashid","panda","grocery","152.7","2026-03-15T17:00:00","evening","Riyadh","True","MOCK / SYNTHETIC DEMO DATA — SAUDI MARKET"
"syn_txn_0000470","rashid","panda","grocery","111.9","2026-03-22T17:00:00","evening","Riyadh","True","MOCK / SYNTHETIC DEMO DATA — SAUDI MARKET"
"syn_txn_0000471","rashid","panda","grocery","121.64","2026-04-19T17:00:00","evening","Riyadh","True","MOCK / SYNTHETIC DEMO DATA — SAUDI MARKET"
"syn_txn_0000472","rashid","panda","grocery","141.86","2026-05-09T20:00:00","evening","Riyadh","True","MOCK / SYNTHETIC DEMO DATA — SAUDI MARKET"
"syn_txn_0000473","rashid","panda","grocery","108.53","2026-05-24T20:00:00","evening","Riyadh","True","MOCK / SYNTHETIC DEMO DATA — SAUDI MARKET"
"syn_txn_0000474","rashid","panda","grocery","125.63","2026-06-07T17:00:00","evening","Riyadh","True","MOCK / SYNTHETIC DEMO DATA — SAUDI MARKET"
"syn_txn_0000475","rashid","panda","grocery","105.27","2026-06-15T17:00:00","evening","Riyadh","True","MOCK / SYNTHETIC DEMO DATA — SAUDI MARKET"
"syn_txn_0000476","rashid","panda","grocery","108.5","2026-07-05T17:00:00","evening","Riyadh","True","MOCK / SYNTHETIC DEMO DATA — SAUDI MARKET"
"syn_txn_0000477","rashid","panda","grocery","117.27","2026-07-19T17:00:00","evening","Riyadh","True","MOCK / SYNTHETIC DEMO DATA — SAUDI MARKET"
"syn_txn_0000478","rashid","panda","grocery","101.99","2026-07-30T18:00:00","evening","Riyadh","True","MOCK / SYNTHETIC DEMO DATA — SAUDI MARKET"
"syn_txn_0000479","rashid","panda","grocery","140.58","2026-08-15T17:00:00","evening","Riyadh","True","MOCK / SYNTHETIC DEMO DATA — SAUDI MARKET"
"syn_txn_0000480","rashid","panda","grocery","137.93","2026-08-30T20:00:00","evening","Riyadh","True","MOCK / SYNTHETIC DEMO DATA — SAUDI MARKET"
"syn_txn_0000481","rashid","al_dawaa","pharmacy","98.93","2023-01-31T17:00:00","evening","Riyadh","True","MOCK / SYNTHETIC DEMO DATA — SAUDI MARKET"
"syn_txn_0000482","rashid","al_dawaa","pharmacy","93.09","2023-03-09T19:00:00","evening","Riyadh","True","MOCK / SYNTHETIC DEMO DATA — SAUDI MARKET"
"syn_txn_0000483","rashid","al_dawaa","pharmacy","68.61","2023-05-14T17:00:00","evening","Riyadh","True","MOCK / SYNTHETIC DEMO DATA — SAUDI MARKET"
"syn_txn_0000484","rashid","al_dawaa","pharmacy","80.14","2023-06-17T18:00:00","evening","Riyadh","True","MOCK / SYNTHETIC DEMO DATA — SAUDI MARKET"
"syn_txn_0000485","rashid","al_dawaa","pharmacy","79.39","2023-07-11T20:00:00","evening","Riyadh","True","MOCK / SYNTHETIC DEMO DATA — SAUDI MARKET"
"syn_txn_0000486","rashid","al_dawaa","pharmacy","77.49","2023-08-22T20:00:00","evening","Riyadh","True","MOCK / SYNTHETIC DEMO DATA — SAUDI MARKET"
"syn_txn_0000487","rashid","al_dawaa","pharmacy","83.95","2023-09-14T20:00:00","evening","Riyadh","True","MOCK / SYNTHETIC DEMO DATA — SAUDI MARKET"
"syn_txn_0000488","rashid","al_dawaa","pharmacy","59.59","2023-10-24T19:00:00","evening","Riyadh","True","MOCK / SYNTHETIC DEMO DATA — SAUDI MARKET"
"syn_txn_0000489","rashid","al_dawaa","pharmacy","74.04","2023-11-28T19:00:00","evening","Riyadh","True","MOCK / SYNTHETIC DEMO DATA — SAUDI MARKET"
"syn_txn_0000490","rashid","al_dawaa","pharmacy","86.16","2024-01-05T19:00:00","evening","Riyadh","True","MOCK / SYNTHETIC DEMO DATA — SAUDI MARKET"
"syn_txn_0000491","rashid","al_dawaa","pharmacy","70.3","2024-02-09T17:00:00","evening","Riyadh","True","MOCK / SYNTHETIC DEMO DATA — SAUDI MARKET"
"syn_txn_0000492","rashid","al_dawaa","pharmacy","49.31","2024-03-21T17:00:00","evening","Riyadh","True","MOCK / SYNTHETIC DEMO DATA — SAUDI MARKET"
"syn_txn_0000493","rashid","al_dawaa","pharmacy","77.62","2024-04-18T19:00:00","evening","Riyadh","True","MOCK / SYNTHETIC DEMO DATA — SAUDI MARKET"
"syn_txn_0000494","rashid","al_dawaa","pharmacy","58.64","2024-05-21T19:00:00","evening","Riyadh","True","MOCK / SYNTHETIC DEMO DATA — SAUDI MARKET"
"syn_txn_0000495","rashid","al_dawaa","pharmacy","101.34","2024-06-27T17:00:00","evening","Riyadh","True","MOCK / SYNTHETIC DEMO DATA — SAUDI MARKET"
"syn_txn_0000496","rashid","al_dawaa","pharmacy","63.62","2024-07-25T19:00:00","evening","Riyadh","True","MOCK / SYNTHETIC DEMO DATA — SAUDI MARKET"
"syn_txn_0000497","rashid","al_dawaa","pharmacy","63.73","2024-07-30T20:00:00","evening","Riyadh","True","MOCK / SYNTHETIC DEMO DATA — SAUDI MARKET"
"syn_txn_0000498","rashid","al_dawaa","pharmacy","85.95","2024-09-11T18:00:00","evening","Riyadh","True","MOCK / SYNTHETIC DEMO DATA — SAUDI MARKET"
"syn_txn_0000499","rashid","al_dawaa","pharmacy","107.12","2024-10-15T18:00:00","evening","Riyadh","True","MOCK / SYNTHETIC DEMO DATA — SAUDI MARKET"
"syn_txn_0000500","rashid","al_dawaa","pharmacy","61.93","2024-11-07T19:00:00","evening","Riyadh","True","MOCK / SYNTHETIC DEMO DATA — SAUDI MARKET"
"syn_txn_0000501","rashid","al_dawaa","pharmacy","89.9","2024-12-23T18:00:00","evening","Riyadh","True","MOCK / SYNTHETIC DEMO DATA — SAUDI MARKET"
"syn_txn_0000502","rashid","al_dawaa","pharmacy","77.96","2025-01-16T20:00:00","evening","Riyadh","True","MOCK / SYNTHETIC DEMO DATA — SAUDI MARKET"
"syn_txn_0000503","rashid","al_dawaa","pharmacy","73.84","2025-03-27T19:00:00","evening","Riyadh","True","MOCK / SYNTHETIC DEMO DATA — SAUDI MARKET"
"syn_txn_0000504","rashid","al_dawaa","pharmacy","77.49","2025-06-11T20:00:00","evening","Riyadh","True","MOCK / SYNTHETIC DEMO DATA — SAUDI MARKET"
"syn_txn_0000505","rashid","al_dawaa","pharmacy","40.92","2025-08-06T17:00:00","evening","Riyadh","True","MOCK / SYNTHETIC DEMO DATA — SAUDI MARKET"
"syn_txn_0000506","rashid","al_dawaa","pharmacy","83.27","2025-09-12T19:00:00","evening","Riyadh","True","MOCK / SYNTHETIC DEMO DATA — SAUDI MARKET"
"syn_txn_0000507","rashid","al_dawaa","pharmacy","86.43","2025-10-15T19:00:00","evening","Riyadh","True","MOCK / SYNTHETIC DEMO DATA — SAUDI MARKET"
"syn_txn_0000508","rashid","al_dawaa","pharmacy","60.92","2025-11-13T19:00:00","evening","Riyadh","True","MOCK / SYNTHETIC DEMO DATA — SAUDI MARKET"
"syn_txn_0000509","rashid","al_dawaa","pharmacy","101.8","2026-02-04T19:00:00","evening","Riyadh","True","MOCK / SYNTHETIC DEMO DATA — SAUDI MARKET"
"syn_txn_0000510","rashid","al_dawaa","pharmacy","64.14","2026-03-12T17:00:00","evening","Riyadh","True","MOCK / SYNTHETIC DEMO DATA — SAUDI MARKET"
"syn_txn_0000511","rashid","al_dawaa","pharmacy","65.45","2026-04-14T20:00:00","evening","Riyadh","True","MOCK / SYNTHETIC DEMO DATA — SAUDI MARKET"
"syn_txn_0000512","rashid","al_dawaa","pharmacy","74.13","2026-05-10T18:00:00","evening","Riyadh","True","MOCK / SYNTHETIC DEMO DATA — SAUDI MARKET"
"syn_txn_0000513","rashid","al_dawaa","pharmacy","112.38","2026-07-22T17:00:00","evening","Riyadh","True","MOCK / SYNTHETIC DEMO DATA — SAUDI MARKET"
"syn_txn_0000514","rashid","al_dawaa","pharmacy","73.27","2026-08-27T20:00:00","evening","Riyadh","True","MOCK / SYNTHETIC DEMO DATA — SAUDI MARKET"
"syn_txn_0000592","user_001","al_dawaa","pharmacy","111.15","2023-06-10T10:00:00","morning","Makkah","True","MOCK / SYNTHETIC DEMO DATA — SAUDI MARKET"
"syn_txn_0000593","user_001","al_dawaa","pharmacy","100.26","2023-08-22T07:00:00","morning","Makkah","True","MOCK / SYNTHETIC DEMO DATA — SAUDI MARKET"
"syn_txn_0000594","user_001","al_dawaa","pharmacy","78.99","2023-10-22T09:00:00","morning","Makkah","True","MOCK / SYNTHETIC DEMO DATA — SAUDI MARKET"
"syn_txn_0000595","user_001","al_dawaa","pharmacy","73.13","2023-12-23T08:00:00","morning","Makkah","True","MOCK / SYNTHETIC DEMO DATA — SAUDI MARKET"
"syn_txn_0000596","user_001","al_dawaa","pharmacy","64.98","2024-02-05T10:00:00","morning","Makkah","True","MOCK / SYNTHETIC DEMO DATA — SAUDI MARKET"
"syn_txn_0000597","user_001","al_dawaa","pharmacy","86.33","2024-02-25T07:00:00","morning","Makkah","True","MOCK / SYNTHETIC DEMO DATA — SAUDI MARKET"
"syn_txn_0000598","user_001","al_dawaa","pharmacy","96.84","2024-05-06T10:00:00","morning","Makkah","True","MOCK / SYNTHETIC DEMO DATA — SAUDI MARKET"
"syn_txn_0000599","user_001","al_dawaa","pharmacy","64.39","2024-09-23T09:00:00","morning","Makkah","True","MOCK / SYNTHETIC DEMO DATA — SAUDI MARKET"
"syn_txn_0000600","user_001","al_dawaa","pharmacy","91.77","2024-11-26T07:00:00","morning","Makkah","True","MOCK / SYNTHETIC DEMO DATA — SAUDI MARKET"
"syn_txn_0000601","user_001","al_dawaa","pharmacy","88.75","2025-01-12T09:00:00","morning","Makkah","True","MOCK / SYNTHETIC DEMO DATA — SAUDI MARKET"
"syn_txn_0000602","user_001","al_dawaa","pharmacy","124.88","2025-03-23T09:00:00","morning","Makkah","True","MOCK / SYNTHETIC DEMO DATA — SAUDI MARKET"
"syn_txn_0000603","user_001","al_dawaa","pharmacy","124.87","2025-06-01T08:00:00","morning","Makkah","True","MOCK / SYNTHETIC DEMO DATA — SAUDI MARKET"
"syn_txn_0000604","user_001","al_dawaa","pharmacy","94.12","2025-08-04T09:00:00","morning","Makkah","True","MOCK / SYNTHETIC DEMO DATA — SAUDI MARKET"
"syn_txn_0000605","user_001","al_dawaa","pharmacy","104.77","2025-10-13T08:00:00","morning","Makkah","True","MOCK / SYNTHETIC DEMO DATA — SAUDI MARKET"
"syn_txn_0000606","user_001","al_dawaa","pharmacy","72.25","2025-12-29T09:00:00","morning","Makkah","True","MOCK / SYNTHETIC DEMO DATA — SAUDI MARKET"
"syn_txn_0000607","user_001","al_dawaa","pharmacy","93.73","2026-03-04T10:00:00","morning","Makkah","True","MOCK / SYNTHETIC DEMO DATA — SAUDI MARKET"
"syn_txn_0000608","user_001","al_dawaa","pharmacy","97.14","2026-04-20T10:00:00","morning","Makkah","True","MOCK / SYNTHETIC DEMO DATA — SAUDI MARKET"
"syn_txn_0000609","user_001","al_dawaa","pharmacy","96.19","2026-04-28T08:00:00","morning","Makkah","True","MOCK / SYNTHETIC DEMO DATA — SAUDI MARKET"
"syn_txn_0000610","user_001","al_dawaa","pharmacy","85.93","2026-06-30T10:00:00","morning","Makkah","True","MOCK / SYNTHETIC DEMO DATA — SAUDI MARKET"
"syn_txn_0000683","user_001","danube","grocery","107.49","2023-02-04T07:00:00","morning","Makkah","True","MOCK / SYNTHETIC DEMO DATA — SAUDI MARKET"
"syn_txn_0000684","user_001","danube","grocery","211.58","2023-02-26T09:00:00","morning","Makkah","True","MOCK / SYNTHETIC DEMO DATA — SAUDI MARKET"
"syn_txn_0000685","user_001","danube","grocery","196.43","2023-03-20T10:00:00","morning","Makkah","True","MOCK / SYNTHETIC DEMO DATA — SAUDI MARKET"
"syn_txn_0000686","user_001","danube","grocery","159.45","2023-04-16T07:00:00","morning","Makkah","True","MOCK / SYNTHETIC DEMO DATA — SAUDI MARKET"
"syn_txn_0000687","user_001","danube","grocery","207.16","2023-05-19T07:00:00","morning","Makkah","True","MOCK / SYNTHETIC DEMO DATA — SAUDI MARKET"
"syn_txn_0000688","user_001","danube","grocery","148.83","2023-06-11T08:00:00","morning","Makkah","True","MOCK / SYNTHETIC DEMO DATA — SAUDI MARKET"
"syn_txn_0000689","user_001","danube","grocery","166.63","2023-07-09T10:00:00","morning","Makkah","True","MOCK / SYNTHETIC DEMO DATA — SAUDI MARKET"
"syn_txn_0000690","user_001","danube","grocery","213.36","2023-08-12T09:00:00","morning","Makkah","True","MOCK / SYNTHETIC DEMO DATA — SAUDI MARKET"
"syn_txn_0000691","user_001","danube","grocery","142.86","2023-08-26T09:00:00","morning","Makkah","True","MOCK / SYNTHETIC DEMO DATA — SAUDI MARKET"
"syn_txn_0000692","user_001","danube","grocery","164.11","2023-09-25T10:00:00","morning","Makkah","True","MOCK / SYNTHETIC DEMO DATA — SAUDI MARKET"
"syn_txn_0000693","user_001","danube","grocery","210.15","2023-10-23T08:00:00","morning","Makkah","True","MOCK / SYNTHETIC DEMO DATA — SAUDI MARKET"
"syn_txn_0000694","user_001","danube","grocery","140.18","2023-11-20T08:00:00","morning","Makkah","True","MOCK / SYNTHETIC DEMO DATA — SAUDI MARKET"
"syn_txn_0000695","user_001","danube","grocery","184.05","2023-12-23T08:00:00","morning","Makkah","True","MOCK / SYNTHETIC DEMO DATA — SAUDI MARKET"
"syn_txn_0000696","user_001","danube","grocery","234.72","2024-01-15T09:00:00","morning","Makkah","True","MOCK / SYNTHETIC DEMO DATA — SAUDI MARKET"
"syn_txn_0000697","user_001","danube","grocery","177.85","2024-03-17T09:00:00","morning","Makkah","True","MOCK / SYNTHETIC DEMO DATA — SAUDI MARKET"
"syn_txn_0000698","user_001","danube","grocery","212.75","2024-04-20T07:00:00","morning","Makkah","True","MOCK / SYNTHETIC DEMO DATA — SAUDI MARKET"
"syn_txn_0000699","user_001","danube","grocery","147.39","2024-06-15T09:00:00","morning","Makkah","True","MOCK / SYNTHETIC DEMO DATA — SAUDI MARKET"
"syn_txn_0000700","user_001","danube","grocery","161.85","2024-07-07T10:00:00","morning","Makkah","True","MOCK / SYNTHETIC DEMO DATA — SAUDI MARKET"
"syn_txn_0000701","user_001","danube","grocery","183.32","2024-08-02T07:00:00","morning","Makkah","True","MOCK / SYNTHETIC DEMO DATA — SAUDI MARKET"
"syn_txn_0000702","user_001","danube","grocery","208.48","2024-08-31T09:00:00","morning","Makkah","True","MOCK / SYNTHETIC DEMO DATA — SAUDI MARKET"
"syn_txn_0000703","user_001","danube","grocery","162.46","2024-09-15T07:00:00","morning","Makkah","True","MOCK / SYNTHETIC DEMO DATA — SAUDI MARKET"
"syn_txn_0000704","user_001","danube","grocery","170.01","2024-10-20T08:00:00","morning","Makkah","True","MOCK / SYNTHETIC DEMO DATA — SAUDI MARKET"
"syn_txn_0000705","user_001","danube","grocery","171.92","2024-11-10T07:00:00","morning","Makkah","True","MOCK / SYNTHETIC DEMO DATA — SAUDI MARKET"
"syn_txn_0000706","user_001","danube","grocery","192.08","2024-12-30T10:00:00","morning","Makkah","True","MOCK / SYNTHETIC DEMO DATA — SAUDI MARKET"
"syn_txn_0000707","user_001","danube","grocery","210.65","2025-01-28T08:00:00","morning","Makkah","True","MOCK / SYNTHETIC DEMO DATA — SAUDI MARKET"
"syn_txn_0000708","user_001","danube","grocery","173.4","2025-02-28T08:00:00","morning","Makkah","True","MOCK / SYNTHETIC DEMO DATA — SAUDI MARKET"
"syn_txn_0000709","user_001","danube","grocery","243.16","2025-03-24T08:00:00","morning","Makkah","True","MOCK / SYNTHETIC DEMO DATA — SAUDI MARKET"
"syn_txn_0000710","user_001","danube","grocery","235.88","2025-04-20T08:00:00","morning","Makkah","True","MOCK / SYNTHETIC DEMO DATA — SAUDI MARKET"
"syn_txn_0000711","user_001","danube","grocery","178.59","2025-05-17T08:00:00","morning","Makkah","True","MOCK / SYNTHETIC DEMO DATA — SAUDI MARKET"
"syn_txn_0000712","user_001","danube","grocery","160.58","2025-06-07T07:00:00","morning","Makkah","True","MOCK / SYNTHETIC DEMO DATA — SAUDI MARKET"
"syn_txn_0000713","user_001","danube","grocery","208.98","2025-06-29T09:00:00","morning","Makkah","True","MOCK / SYNTHETIC DEMO DATA — SAUDI MARKET"
"syn_txn_0000714","user_001","danube","grocery","162.6","2025-07-28T07:00:00","morning","Makkah","True","MOCK / SYNTHETIC DEMO DATA — SAUDI MARKET"
"syn_txn_0000715","user_001","danube","grocery","169.54","2025-08-13T07:00:00","morning","Makkah","True","MOCK / SYNTHETIC DEMO DATA — SAUDI MARKET"
"syn_txn_0000716","user_001","danube","grocery","148.63","2025-09-22T07:00:00","morning","Makkah","True","MOCK / SYNTHETIC DEMO DATA — SAUDI MARKET"
"syn_txn_0000717","user_001","danube","grocery","236.06","2025-10-19T10:00:00","morning","Makkah","True","MOCK / SYNTHETIC DEMO DATA — SAUDI MARKET"
"syn_txn_0000718","user_001","danube","grocery","198.8","2025-11-19T07:00:00","morning","Makkah","True","MOCK / SYNTHETIC DEMO DATA — SAUDI MARKET"
"syn_txn_0000719","user_001","danube","grocery","221.04","2025-12-13T09:00:00","morning","Makkah","True","MOCK / SYNTHETIC DEMO DATA — SAUDI MARKET"
"syn_txn_0000720","user_001","danube","grocery","179.73","2026-01-17T08:00:00","morning","Makkah","True","MOCK / SYNTHETIC DEMO DATA — SAUDI MARKET"
"syn_txn_0000721","user_001","danube","grocery","227.1","2026-02-17T10:00:00","morning","Makkah","True","MOCK / SYNTHETIC DEMO DATA — SAUDI MARKET"
"syn_txn_0000722","user_001","danube","grocery","194.16","2026-03-09T07:00:00","morning","Makkah","True","MOCK / SYNTHETIC DEMO DATA — SAUDI MARKET"
"syn_txn_0000723","user_001","danube","grocery","239.83","2026-05-03T09:00:00","morning","Makkah","True","MOCK / SYNTHETIC DEMO DATA — SAUDI MARKET"
"syn_txn_0000724","user_001","danube","grocery","181.18","2026-06-01T08:00:00","morning","Makkah","True","MOCK / SYNTHETIC DEMO DATA — SAUDI MARKET"
"syn_txn_0000725","user_001","danube","grocery","205.38","2026-07-02T08:00:00","morning","Makkah","True","MOCK / SYNTHETIC DEMO DATA — SAUDI MARKET"
"syn_txn_0000726","user_001","danube","grocery","172.42","2026-07-27T09:00:00","morning","Makkah","True","MOCK / SYNTHETIC DEMO DATA — SAUDI MARKET"
"syn_txn_0000727","user_001","danube","grocery","197.46","2026-09-06T07:00:00","morning","Makkah","True","MOCK / SYNTHETIC DEMO DATA — SAUDI MARKET"
"syn_txn_0000752","user_001","nahdi","pharmacy","94.74","2023-06-11T10:00:00","evening","Makkah","True","MOCK / SYNTHETIC DEMO DATA — SAUDI MARKET"
"syn_txn_0000758","user_001","panda","grocery","186.91","2025-01-08T13:00:00","night","Makkah","True","MOCK / SYNTHETIC DEMO DATA — SAUDI MARKET"
"syn_txn_0001356","user_002","al_dawaa","pharmacy","88.47","2024-11-14T13:00:00","afternoon","Abha","True","MOCK / SYNTHETIC DEMO DATA — SAUDI MARKET"
"syn_txn_0001357","user_002","danube","grocery","196.54","2023-03-04T18:00:00","evening","Abha","True","MOCK / SYNTHETIC DEMO DATA — SAUDI MARKET"
"syn_txn_0001358","user_002","nahdi","pharmacy","96.04","2024-06-07T15:00:00","morning","Abha","True","MOCK / SYNTHETIC DEMO DATA — SAUDI MARKET"
"syn_txn_0001359","user_002","al_dawaa","pharmacy","48.49","2025-09-14T08:00:00","evening","Abha","True","MOCK / SYNTHETIC DEMO DATA — SAUDI MARKET"
"syn_txn_0001361","user_002","panda","grocery","89.29","2025-09-18T12:00:00","morning","Abha","True","MOCK / SYNTHETIC DEMO DATA — SAUDI MARKET"
"syn_txn_0001363","user_002","danube","grocery","194.93","2024-05-26T09:00:00","night","Abha","True","MOCK / SYNTHETIC DEMO DATA — SAUDI MARKET"
"syn_txn_0001364","user_002","panda","grocery","170.02","2026-06-21T08:00:00","afternoon","Abha","True","MOCK / SYNTHETIC DEMO DATA — SAUDI MARKET"
"syn_txn_0001368","user_002","al_dawaa","pharmacy","70.73","2024-05-11T14:00:00","evening","Abha","True","MOCK / SYNTHETIC DEMO DATA — SAUDI MARKET"
"syn_txn_0001455","user_003","nahdi","pharmacy","124.94","2023-02-01T18:00:00","evening","Makkah","True","MOCK / SYNTHETIC DEMO DATA — SAUDI MARKET"
"syn_txn_0001456","user_003","nahdi","pharmacy","101.68","2023-02-25T18:00:00","evening","Makkah","True","MOCK / SYNTHETIC DEMO DATA — SAUDI MARKET"
"syn_txn_0001457","user_003","nahdi","pharmacy","85.95","2023-03-24T17:00:00","evening","Makkah","True","MOCK / SYNTHETIC DEMO DATA — SAUDI MARKET"
"syn_txn_0001458","user_003","nahdi","pharmacy","100.51","2023-05-12T19:00:00","evening","Makkah","True","MOCK / SYNTHETIC DEMO DATA — SAUDI MARKET"
"syn_txn_0001459","user_003","nahdi","pharmacy","108.07","2023-06-09T17:00:00","evening","Makkah","True","MOCK / SYNTHETIC DEMO DATA — SAUDI MARKET"
"syn_txn_0001460","user_003","nahdi","pharmacy","71.32","2023-07-27T17:00:00","evening","Makkah","True","MOCK / SYNTHETIC DEMO DATA — SAUDI MARKET"
"syn_txn_0001461","user_003","nahdi","pharmacy","73.89","2023-08-25T17:00:00","evening","Makkah","True","MOCK / SYNTHETIC DEMO DATA — SAUDI MARKET"
"syn_txn_0001462","user_003","nahdi","pharmacy","121.97","2023-09-22T20:00:00","evening","Makkah","True","MOCK / SYNTHETIC DEMO DATA — SAUDI MARKET"
"syn_txn_0001463","user_003","nahdi","pharmacy","94.58","2023-10-27T17:00:00","evening","Makkah","True","MOCK / SYNTHETIC DEMO DATA — SAUDI MARKET"
"syn_txn_0001464","user_003","nahdi","pharmacy","100.53","2023-12-09T20:00:00","evening","Makkah","True","MOCK / SYNTHETIC DEMO DATA — SAUDI MARKET"
"syn_txn_0001465","user_003","nahdi","pharmacy","118.67","2024-01-06T20:00:00","evening","Makkah","True","MOCK / SYNTHETIC DEMO DATA — SAUDI MARKET"
"syn_txn_0001466","user_003","nahdi","pharmacy","57.76","2024-02-01T17:00:00","evening","Makkah","True","MOCK / SYNTHETIC DEMO DATA — SAUDI MARKET"
"syn_txn_0001467","user_003","nahdi","pharmacy","77.77","2024-03-01T17:00:00","evening","Makkah","True","MOCK / SYNTHETIC DEMO DATA — SAUDI MARKET"
"syn_txn_0001468","user_003","nahdi","pharmacy","115.3","2024-05-04T18:00:00","evening","Makkah","True","MOCK / SYNTHETIC DEMO DATA — SAUDI MARKET"
"syn_txn_0001469","user_003","nahdi","pharmacy","102.66","2024-05-29T19:00:00","evening","Makkah","True","MOCK / SYNTHETIC DEMO DATA — SAUDI MARKET"
"syn_txn_0001470","user_003","nahdi","pharmacy","103.15","2024-06-21T19:00:00","evening","Makkah","True","MOCK / SYNTHETIC DEMO DATA — SAUDI MARKET"
"syn_txn_0001471","user_003","nahdi","pharmacy","140.24","2024-07-25T18:00:00","evening","Makkah","True","MOCK / SYNTHETIC DEMO DATA — SAUDI MARKET"
"syn_txn_0001472","user_003","nahdi","pharmacy","107.92","2024-08-13T18:00:00","evening","Makkah","True","MOCK / SYNTHETIC DEMO DATA — SAUDI MARKET"
"syn_txn_0001473","user_003","nahdi","pharmacy","84.24","2024-09-06T19:00:00","evening","Makkah","True","MOCK / SYNTHETIC DEMO DATA — SAUDI MARKET"
"syn_txn_0001474","user_003","nahdi","pharmacy","92.89","2024-09-28T18:00:00","evening","Makkah","True","MOCK / SYNTHETIC DEMO DATA — SAUDI MARKET"
"syn_txn_0001475","user_003","nahdi","pharmacy","103.23","2024-10-26T17:00:00","evening","Makkah","True","MOCK / SYNTHETIC DEMO DATA — SAUDI MARKET"
"syn_txn_0001476","user_003","nahdi","pharmacy","116.6","2024-11-28T17:00:00","evening","Makkah","True","MOCK / SYNTHETIC DEMO DATA — SAUDI MARKET"
"syn_txn_0001477","user_003","nahdi","pharmacy","121.04","2024-12-26T18:00:00","evening","Makkah","True","MOCK / SYNTHETIC DEMO DATA — SAUDI MARKET"
"syn_txn_0001478","user_003","nahdi","pharmacy","69.68","2025-01-17T19:00:00","evening","Makkah","True","MOCK / SYNTHETIC DEMO DATA — SAUDI MARKET"
"syn_txn_0001479","user_003","nahdi","pharmacy","112.5","2025-02-08T19:00:00","evening","Makkah","True","MOCK / SYNTHETIC DEMO DATA — SAUDI MARKET"
"syn_txn_0001480","user_003","nahdi","pharmacy","91.62","2025-03-06T17:00:00","evening","Makkah","True","MOCK / SYNTHETIC DEMO DATA — SAUDI MARKET"
"syn_txn_0001481","user_003","nahdi","pharmacy","101.85","2025-04-01T19:00:00","evening","Makkah","True","MOCK / SYNTHETIC DEMO DATA — SAUDI MARKET"
"syn_txn_0001482","user_003","nahdi","pharmacy","82.04","2025-04-26T19:00:00","evening","Makkah","True","MOCK / SYNTHETIC DEMO DATA — SAUDI MARKET"
"syn_txn_0001483","user_003","nahdi","pharmacy","98.0","2025-05-30T19:00:00","evening","Makkah","True","MOCK / SYNTHETIC DEMO DATA — SAUDI MARKET"
"syn_txn_0001484","user_003","nahdi","pharmacy","124.64","2025-07-06T18:00:00","evening","Makkah","True","MOCK / SYNTHETIC DEMO DATA — SAUDI MARKET"
"syn_txn_0001485","user_003","nahdi","pharmacy","88.24","2025-08-11T17:00:00","evening","Makkah","True","MOCK / SYNTHETIC DEMO DATA — SAUDI MARKET"
"syn_txn_0001486","user_003","nahdi","pharmacy","92.64","2025-09-10T18:00:00","evening","Makkah","True","MOCK / SYNTHETIC DEMO DATA — SAUDI MARKET"
"syn_txn_0001487","user_003","nahdi","pharmacy","96.77","2025-10-03T20:00:00","evening","Makkah","True","MOCK / SYNTHETIC DEMO DATA — SAUDI MARKET"
"syn_txn_0001488","user_003","nahdi","pharmacy","91.53","2025-11-20T18:00:00","evening","Makkah","True","MOCK / SYNTHETIC DEMO DATA — SAUDI MARKET"
"syn_txn_0001489","user_003","nahdi","pharmacy","83.48","2025-12-26T20:00:00","evening","Makkah","True","MOCK / SYNTHETIC DEMO DATA — SAUDI MARKET"
"syn_txn_0001490","user_003","nahdi","pharmacy","123.14","2026-01-23T17:00:00","evening","Makkah","True","MOCK / SYNTHETIC DEMO DATA — SAUDI MARKET"
"syn_txn_0001491","user_003","nahdi","pharmacy","90.74","2026-03-22T18:00:00","evening","Makkah","True","MOCK / SYNTHETIC DEMO DATA — SAUDI MARKET"
"syn_txn_0001492","user_003","nahdi","pharmacy","106.11","2026-04-18T18:00:00","evening","Makkah","True","MOCK / SYNTHETIC DEMO DATA — SAUDI MARKET"
"syn_txn_0001493","user_003","nahdi","pharmacy","110.39","2026-06-05T19:00:00","evening","Makkah","True","MOCK / SYNTHETIC DEMO DATA — SAUDI MARKET"
"syn_txn_0001494","user_003","nahdi","pharmacy","104.42","2026-07-10T20:00:00","evening","Makkah","True","MOCK / SYNTHETIC DEMO DATA — SAUDI MARKET"
"syn_txn_0001495","user_003","nahdi","pharmacy","92.95","2026-08-07T20:00:00","evening","Makkah","True","MOCK / SYNTHETIC DEMO DATA — SAUDI MARKET"
"syn_txn_0001496","user_003","nahdi","pharmacy","123.0","2026-09-04T18:00:00","evening","Makkah","True","MOCK / SYNTHETIC DEMO DATA — SAUDI MARKET"
"syn_txn_0001743","user_003","al_dawaa","pharmacy","85.61","2025-06-09T11:00:00","night","Makkah","True","MOCK / SYNTHETIC DEMO DATA — SAUDI MARKET"
"syn_txn_0002199","user_004","panda","grocery","87.56","2026-03-23T21:00:00","afternoon","Abha","True","MOCK / SYNTHETIC DEMO DATA — SAUDI MARKET"
"syn_txn_0002203","user_004","al_dawaa","pharmacy","81.18","2023-08-27T19:00:00","afternoon","Abha","True","MOCK / SYNTHETIC DEMO DATA — SAUDI MARKET"
"syn_txn_0002207","user_004","nahdi","pharmacy","82.52","2025-07-27T21:00:00","night","Abha","True","MOCK / SYNTHETIC DEMO DATA — SAUDI MARKET"
"syn_txn_0002783","user_005","panda","grocery","119.02","2026-03-04T15:00:00","evening","Madinah","True","MOCK / SYNTHETIC DEMO DATA — SAUDI MARKET"
"syn_txn_0002784","user_005","nahdi","pharmacy","130.1","2023-08-25T20:00:00","evening","Madinah","True","MOCK / SYNTHETIC DEMO DATA — SAUDI MARKET"
"syn_txn_0002788","user_005","panda","grocery","178.91","2025-09-08T13:00:00","morning","Madinah","True","MOCK / SYNTHETIC DEMO DATA — SAUDI MARKET"
"syn_txn_0002791","user_005","panda","grocery","164.95","2025-05-21T17:00:00","morning","Madinah","True","MOCK / SYNTHETIC DEMO DATA — SAUDI MARKET"
"syn_txn_0002793","user_005","nahdi","pharmacy","68.48","2026-06-26T12:00:00","evening","Madinah","True","MOCK / SYNTHETIC DEMO DATA — SAUDI MARKET"
"syn_txn_0002794","user_005","panda","grocery","144.37","2023-12-04T11:00:00","morning","Madinah","True","MOCK / SYNTHETIC DEMO DATA — SAUDI MARKET"
"syn_txn_0002797","user_005","panda","grocery","105.02","2025-10-02T18:00:00","night","Madinah","True","MOCK / SYNTHETIC DEMO DATA — SAUDI MARKET"
"syn_txn_0002799","user_006","panda","grocery","185.02","2023-02-03T13:00:00","afternoon","Makkah","True","MOCK / SYNTHETIC DEMO DATA — SAUDI MARKET"
